time;t_idx;a_e_0_Color;a_t_0_Color;a_e_1_Move;a_t_1_Move;a_e_2_Opacity;a_t_2_Opacity;a_e_3_Rotation;a_t_3_Rotation;a_e_4_Shape;a_t_4_Shape;a_e_5_Size;a_t_5_Size;a_e_6_Outline;a_t_6_Outline;
2020-02-20 02:18:11.344;0;0;0.00000;0;0.00000;0;0.00000;0;0.00000;0;0.00000;1;0.00000;0;0.00000;
2020-02-20 02:18:11.372;0;0;0.00000;0;0.00000;0;0.00000;0;0.00000;0;0.00000;1;0.00000;0;0.00000;
2020-02-20 02:18:11.381;0;0;0.00000;0;0.00000;0;0.00000;0;0.00000;0;0.00000;1;0.00000;0;0.00000;
2020-02-20 02:18:11.402;0;0;0.00000;0;0.00000;0;0.00000;0;0.00000;0;0.00000;1;0.00000;0;0.00000;
2020-02-20 02:18:11.412;0;0;0.00000;0;0.00000;0;0.00000;0;0.00000;0;0.00000;1;0.00000;0;0.00000;
2020-02-20 02:18:11.426;0;0;0.00000;0;0.00000;0;0.00000;0;0.00000;0;0.00000;1;0.00000;0;0.00000;
2020-02-20 02:18:11.437;0;0;0.00000;0;0.00000;0;0.00000;0;0.00000;0;0.00000;1;0.00000;0;0.00000;
2020-02-20 02:18:11.472;0;0;0.00000;0;0.00000;0;0.00000;0;0.00000;0;0.00000;1;0.00000;0;0.00000;
2020-02-20 02:18:11.491;0;0;0.00000;0;0.00000;0;0.00000;0;0.00000;0;0.00000;1;0.00000;0;0.00000;
2020-02-20 02:18:11.514;0;0;0.00000;0;0.00000;0;0.00000;0;0.00000;0;0.00000;1;0.00000;0;0.00000;
2020-02-20 02:18:11.538;0;0;0.00000;0;0.00000;0;0.00000;0;0.00000;0;0.00000;1;0.00000;0;0.00000;
2020-02-20 02:18:11.559;0;0;0.00000;0;0.00000;0;0.00000;0;0.00000;0;0.00000;1;0.00000;0;0.00000;
2020-02-20 02:18:11.584;0;0;0.00000;0;0.00000;0;0.00000;0;0.00000;0;0.00000;1;0.00000;0;0.00000;
2020-02-20 02:18:11.602;0;0;0.00000;0;0.00000;0;0.00000;0;0.00000;0;0.00000;1;0.00000;0;0.00000;
2020-02-20 02:18:11.626;0;0;0.00000;0;0.00000;0;0.00000;0;0.00000;0;0.00000;1;0.00000;0;0.00000;
2020-02-20 02:18:11.648;0;0;0.00000;0;0.00000;0;0.00000;0;0.00000;0;0.00000;1;0.00000;0;0.00000;
2020-02-20 02:18:11.673;0;0;0.00000;0;0.00000;0;0.00000;0;0.00000;0;0.00000;1;0.00000;0;0.00000;
2020-02-20 02:18:11.690;0;0;0.00000;0;0.00000;0;0.00000;0;0.00000;0;0.00000;1;0.00000;0;0.00000;
2020-02-20 02:18:11.712;0;0;0.00000;0;0.00000;0;0.00000;0;0.00000;0;0.00000;1;0.00000;0;0.00000;
2020-02-20 02:18:11.734;0;0;0.00000;0;0.00000;0;0.00000;0;0.00000;0;0.00000;1;0.00000;0;0.00000;
2020-02-20 02:18:11.757;0;0;0.00000;0;0.00000;0;0.00000;0;0.00000;0;0.00000;1;0.00000;0;0.00000;
2020-02-20 02:18:11.784;0;0;0.00000;0;0.00000;0;0.00000;0;0.00000;0;0.00000;1;0.00000;0;0.00000;
2020-02-20 02:18:11.802;0;0;0.00000;0;0.00000;0;0.00000;0;0.00000;0;0.00000;1;0.00000;0;0.00000;
2020-02-20 02:18:11.825;0;0;0.00000;0;0.00000;0;0.00000;0;0.00000;0;0.00000;1;0.00000;0;0.00000;
2020-02-20 02:18:11.846;0;0;0.00000;0;0.00000;0;0.00000;0;0.00000;0;0.00000;1;0.00000;0;0.00000;
2020-02-20 02:18:11.874;0;0;0.00000;0;0.00000;0;0.00000;0;0.00000;0;0.00000;1;0.00000;0;0.00000;
2020-02-20 02:18:11.890;0;0;0.00000;0;0.00000;0;0.00000;0;0.00000;0;0.00000;1;0.00000;0;0.00000;
2020-02-20 02:18:11.912;0;0;0.00000;0;0.00000;0;0.00000;0;0.00000;0;0.00000;1;0.00000;0;0.00000;
2020-02-20 02:18:11.934;0;0;0.00000;0;0.00000;0;0.00000;0;0.00000;0;0.00000;1;0.00000;0;0.00000;
2020-02-20 02:18:11.956;0;0;0.00000;0;0.00000;0;0.00000;0;0.00000;0;0.00000;1;0.00000;0;0.00000;
2020-02-20 02:18:11.983;0;0;0.00000;0;0.00000;0;0.00000;0;0.00000;0;0.00000;1;0.00000;0;0.00000;
2020-02-20 02:18:11.994;0;0;0.00000;0;0.00000;0;0.00000;0;0.00000;0;0.00000;1;0.00000;0;0.00000;
2020-02-20 02:18:12.012;0;0;0.00000;0;0.00000;0;0.00000;0;0.00000;0;0.00000;1;0.00000;0;0.00000;
2020-02-20 02:18:12.023;0;0;0.00000;0;0.00000;0;0.00000;0;0.00000;0;0.00000;1;0.00000;0;0.00000;
2020-02-20 02:18:12.034;0;0;0.00000;0;0.00000;0;0.00000;0;0.00000;0;0.00000;1;0.00000;0;0.00000;
2020-02-20 02:18:12.050;0;0;0.00000;0;0.00000;0;0.00000;0;0.00000;0;0.00000;1;0.00000;0;0.00000;
2020-02-20 02:18:12.060;0;0;0.00000;0;0.00000;0;0.00000;0;0.00000;0;0.00000;1;0.00000;0;0.00000;
2020-02-20 02:18:12.079;0;0;0.00000;0;0.00000;0;0.00000;0;0.00000;0;0.00000;1;0.00000;0;0.00000;
2020-02-20 02:18:12.090;0;0;0.00000;0;0.00000;0;0.00000;0;0.00000;0;0.00000;1;0.00000;0;0.00000;
2020-02-20 02:18:12.101;0;0;0.00000;0;0.00000;0;0.00000;0;0.00000;0;0.00000;1;0.00000;0;0.00000;
2020-02-20 02:18:12.112;0;0;0.00000;0;0.00000;0;0.00000;0;0.00000;0;0.00000;1;0.00000;0;0.00000;
2020-02-20 02:18:12.124;0;0;0.00000;0;0.00000;0;0.00000;0;0.00000;0;0.00000;1;0.00000;0;0.00000;
2020-02-20 02:18:12.135;0;0;0.00000;0;0.00000;0;0.00000;0;0.00000;0;0.00000;1;0.00000;0;0.00000;
2020-02-20 02:18:12.150;0;0;0.00000;0;0.00000;0;0.00000;0;0.00000;0;0.00000;0;0.00000;1;0.01128;
2020-02-20 02:18:12.161;0;0;0.00000;0;0.00000;0;0.00000;0;0.00000;0;0.00000;0;0.00000;1;0.02687;
2020-02-20 02:18:12.179;0;0;0.00000;0;0.00000;0;0.00000;0;0.00000;0;0.00000;0;0.00000;1;0.04527;
2020-02-20 02:18:12.193;0;0;0.00000;0;0.00000;0;0.00000;0;0.00000;0;0.00000;0;0.00000;1;0.05806;
2020-02-20 02:18:12.205;0;0;0.00000;0;0.00000;0;0.00000;0;0.00000;0;0.00000;0;0.00000;1;0.07104;
2020-02-20 02:18:12.224;0;0;0.00000;0;0.00000;0;0.00000;0;0.00000;0;0.00000;0;0.00000;1;0.08919;
2020-02-20 02:18:12.236;0;0;0.00000;0;0.00000;0;0.00000;0;0.00000;0;0.00000;0;0.00000;1;0.10221;
2020-02-20 02:18:12.261;0;0;0.00000;0;0.00000;0;0.00000;0;0.00000;0;0.00000;0;0.00000;1;0.12191;
2020-02-20 02:18:12.272;0;0;0.00000;0;0.00000;0;0.00000;0;0.00000;0;0.00000;0;0.00000;1;0.13874;
2020-02-20 02:18:12.291;0;0;0.00000;0;0.00000;0;0.00000;0;0.00000;0;0.00000;0;0.00000;1;0.15629;
2020-02-20 02:18:12.303;0;0;0.00000;0;0.00000;0;0.00000;0;0.00000;0;0.00000;0;0.00000;1;0.16896;
2020-02-20 02:18:12.327;0;0;0.00000;0;0.00000;0;0.00000;0;0.00000;0;0.00000;0;0.00000;1;0.19098;
2020-02-20 02:18:12.338;0;0;0.00000;0;0.00000;0;0.00000;0;0.00000;0;0.00000;0;0.00000;1;0.20453;
2020-02-20 02:18:12.362;0;0;0.00000;0;0.00000;0;0.00000;0;0.00000;0;0.00000;0;0.00000;1;0.22351;
2020-02-20 02:18:12.374;0;0;0.00000;0;0.00000;0;0.00000;0;0.00000;0;0.00000;0;0.00000;1;0.24011;
2020-02-20 02:18:12.392;0;0;0.00000;0;0.00000;0;0.00000;0;0.00000;0;0.00000;0;0.00000;1;0.25739;
2020-02-20 02:18:12.404;0;0;0.00000;0;0.00000;0;0.00000;0;0.00000;0;0.00000;0;0.00000;1;0.27012;
2020-02-20 02:18:12.425;0;0;0.00000;0;0.00000;0;0.00000;0;0.00000;0;0.00000;0;0.00000;1;0.29051;
2020-02-20 02:18:12.436;0;0;0.00000;0;0.00000;0;0.00000;0;0.00000;0;0.00000;0;0.00000;1;0.30269;
2020-02-20 02:18:12.464;0;0;0.00000;0;0.00000;0;0.00000;0;0.00000;0;0.00000;0;0.00000;1;0.32393;
2020-02-20 02:18:12.477;0;0;0.00000;0;0.00000;0;0.00000;0;0.00000;0;0.00000;0;0.00000;1;0.34305;
2020-02-20 02:18:12.503;0;0;0.00000;0;0.00000;0;0.00000;0;0.00000;0;0.00000;0;0.00000;1;0.36903;
2020-02-20 02:18:12.526;0;0;0.00000;0;0.00000;0;0.00000;0;0.00000;0;0.00000;0;0.00000;1;0.39083;
2020-02-20 02:18:12.548;0;0;0.00000;0;0.00000;0;0.00000;0;0.00000;0;0.00000;0;0.00000;1;0.41398;
2020-02-20 02:18:12.576;0;0;0.00000;0;0.00000;0;0.00000;0;0.00000;0;0.00000;0;0.00000;1;0.43578;
2020-02-20 02:18:12.592;0;0;0.00000;0;0.00000;0;0.00000;0;0.00000;0;0.00000;0;0.00000;1;0.45816;
2020-02-20 02:18:12.614;0;0;0.00000;0;0.00000;0;0.00000;0;0.00000;0;0.00000;0;0.00000;1;0.47966;
2020-02-20 02:18:12.636;0;0;0.00000;0;0.00000;0;0.00000;0;0.00000;0;0.00000;0;0.00000;1;0.50137;
2020-02-20 02:18:12.660;0;0;0.00000;0;0.00000;0;0.00000;0;0.00000;0;0.00000;0;0.00000;1;0.52495;
2020-02-20 02:18:12.686;0;0;0.00000;0;0.00000;0;0.00000;0;0.00000;0;0.00000;0;0.00000;1;0.54636;
2020-02-20 02:18:12.703;0;0;0.00000;0;0.00000;0;0.00000;0;0.00000;0;0.00000;0;0.00000;1;0.56880;
2020-02-20 02:18:12.725;0;0;0.00000;0;0.00000;0;0.00000;0;0.00000;0;0.00000;0;0.00000;1;0.59077;
2020-02-20 02:18:12.747;0;0;0.00000;0;0.00000;0;0.00000;0;0.00000;0;0.00000;0;0.00000;1;0.61269;
2020-02-20 02:18:12.776;0;0;0.00000;0;0.00000;0;0.00000;0;0.00000;0;0.00000;0;0.00000;1;0.63564;
2020-02-20 02:18:12.792;0;0;0.00000;0;0.00000;0;0.00000;0;0.00000;0;0.00000;0;0.00000;1;0.65797;
2020-02-20 02:18:12.814;0;0;0.00000;0;0.00000;0;0.00000;0;0.00000;0;0.00000;0;0.00000;1;0.67997;
2020-02-20 02:18:12.836;0;0;0.00000;0;0.00000;0;0.00000;0;0.00000;0;0.00000;0;0.00000;1;0.70215;
2020-02-20 02:18:12.861;0;0;0.00000;0;0.00000;0;0.00000;0;0.00000;0;0.00000;0;0.00000;1;0.72574;
2020-02-20 02:18:12.885;0;0;0.00000;0;0.00000;0;0.00000;0;0.00000;0;0.00000;0;0.00000;1;0.74631;
2020-02-20 02:18:12.902;0;0;0.00000;0;0.00000;0;0.00000;0;0.00000;0;0.00000;0;0.00000;1;0.76814;
2020-02-20 02:18:12.926;0;0;0.00000;0;0.00000;0;0.00000;0;0.00000;0;0.00000;0;0.00000;1;0.79116;
2020-02-20 02:18:12.947;0;0;0.00000;0;0.00000;0;0.00000;0;0.00000;0;0.00000;0;0.00000;1;0.81299;
2020-02-20 02:18:12.974;0;0;0.00000;0;0.00000;0;0.00000;0;0.00000;0;0.00000;0;0.00000;1;0.83538;
2020-02-20 02:18:12.991;0;0;0.00000;0;0.00000;0;0.00000;0;0.00000;0;0.00000;0;0.00000;1;0.85695;
2020-02-20 02:18:13.013;0;0;0.00000;0;0.00000;0;0.00000;0;0.00000;0;0.00000;0;0.00000;1;0.87919;
2020-02-20 02:18:13.027;0;0;0.00000;0;0.00000;0;0.00000;0;0.00000;0;0.00000;0;0.00000;1;0.89218;
2020-02-20 02:18:13.047;0;0;0.00000;0;0.00000;0;0.00000;0;0.00000;0;0.00000;0;0.00000;1;0.91239;
2020-02-20 02:18:13.064;0;0;0.00000;0;0.00000;0;0.00000;0;0.00000;0;0.00000;0;0.00000;1;0.92473;
2020-02-20 02:18:13.080;0;0;0.00000;0;0.00000;0;0.00000;0;0.00000;0;0.00000;0;0.00000;1;0.94578;
2020-02-20 02:18:13.091;0;0;0.00000;0;0.00000;0;0.00000;0;0.00000;0;0.00000;0;0.00000;1;0.95710;
2020-02-20 02:18:13.104;0;0;0.00000;0;0.00000;0;0.00000;0;0.00000;0;0.00000;0;0.00000;1;0.96940;
2020-02-20 02:18:13.125;0;0;0.00000;0;0.00000;0;0.00000;0;0.00000;0;0.00000;0;0.00000;1;0.99053;
2020-02-20 02:18:13.137;0;0;0.00000;0;0.00000;0;0.00000;0;0.00000;0;0.00000;0;0.00000;1;0.00000;
2020-02-20 02:18:13.165;0;0;0.00000;0;0.00000;0;0.00000;0;0.00000;0;0.00000;0;0.00000;1;0.00000;
2020-02-20 02:18:13.180;0;0;0.00000;0;0.00000;0;0.00000;0;0.00000;0;0.00000;0;0.00000;1;0.00000;
2020-02-20 02:18:13.202;0;0;0.00000;0;0.00000;0;0.00000;0;0.00000;0;0.00000;0;0.00000;1;0.00000;
2020-02-20 02:18:13.216;0;0;0.00000;0;0.00000;0;0.00000;0;0.00000;0;0.00000;0;0.00000;1;0.00000;
2020-02-20 02:18:13.236;0;0;0.00000;0;0.00000;0;0.00000;0;0.00000;0;0.00000;0;0.00000;1;0.00000;
2020-02-20 02:18:13.249;0;0;0.00000;0;0.00000;0;0.00000;0;0.00000;0;0.00000;0;0.00000;1;0.00000;
2020-02-20 02:18:13.275;0;0;0.00000;0;0.00000;0;0.00000;0;0.00000;0;0.00000;0;0.00000;1;0.00000;
2020-02-20 02:18:13.288;0;0;0.00000;0;0.00000;0;0.00000;0;0.00000;0;0.00000;0;0.00000;1;0.00000;
2020-02-20 02:18:13.302;0;0;0.00000;0;0.00000;0;0.00000;0;0.00000;0;0.00000;0;0.00000;1;0.00000;
2020-02-20 02:18:13.315;0;0;0.00000;0;0.00000;0;0.00000;0;0.00000;0;0.00000;0;0.00000;1;0.00000;
2020-02-20 02:18:13.336;0;0;0.00000;0;0.00000;0;0.00000;0;0.00000;0;0.00000;0;0.00000;1;0.00000;
2020-02-20 02:18:13.348;0;0;0.00000;0;0.00000;0;0.00000;0;0.00000;0;0.00000;0;0.00000;1;0.00000;
2020-02-20 02:18:13.374;0;0;0.00000;0;0.00000;0;0.00000;0;0.00000;0;0.00000;0;0.00000;1;0.00000;
2020-02-20 02:18:13.387;0;0;0.00000;0;0.00000;0;0.00000;0;0.00000;0;0.00000;0;0.00000;1;0.00000;
2020-02-20 02:18:13.401;0;0;0.00000;0;0.00000;0;0.00000;0;0.00000;0;0.00000;0;0.00000;1;0.00000;
2020-02-20 02:18:13.424;0;0;0.00000;0;0.00000;0;0.00000;0;0.00000;0;0.00000;0;0.00000;1;0.00000;
2020-02-20 02:18:13.449;0;0;0.00000;0;0.00000;0;0.00000;0;0.00000;0;0.00000;0;0.00000;1;0.00000;
2020-02-20 02:18:13.474;0;0;0.00000;0;0.00000;0;0.00000;0;0.00000;0;0.00000;0;0.00000;1;0.00000;
2020-02-20 02:18:13.491;0;0;0.00000;0;0.00000;0;0.00000;0;0.00000;0;0.00000;0;0.00000;1;0.00000;
2020-02-20 02:18:13.513;0;0;0.00000;0;0.00000;0;0.00000;0;0.00000;0;0.00000;0;0.00000;1;0.00000;
2020-02-20 02:18:13.535;0;0;0.00000;0;0.00000;0;0.00000;0;0.00000;0;0.00000;0;0.00000;1;0.00000;
2020-02-20 02:18:13.557;0;0;0.00000;0;0.00000;0;0.00000;0;0.00000;0;0.00000;0;0.00000;1;0.00000;
2020-02-20 02:18:13.586;0;0;0.00000;0;0.00000;0;0.00000;0;0.00000;0;0.00000;0;0.00000;1;0.00000;
2020-02-20 02:18:13.603;0;0;0.00000;0;0.00000;0;0.00000;0;0.00000;0;0.00000;0;0.00000;1;0.00000;
2020-02-20 02:18:13.624;0;0;0.00000;0;0.00000;0;0.00000;0;0.00000;0;0.00000;0;0.00000;1;0.00000;
2020-02-20 02:18:13.649;0;0;0.00000;0;0.00000;0;0.00000;0;0.00000;0;0.00000;0;0.00000;1;0.00000;
2020-02-20 02:18:13.675;0;0;0.00000;0;0.00000;0;0.00000;0;0.00000;0;0.00000;0;0.00000;1;0.00000;
2020-02-20 02:18:13.691;0;0;0.00000;0;0.00000;0;0.00000;0;0.00000;0;0.00000;0;0.00000;1;0.00000;
2020-02-20 02:18:13.716;0;0;0.00000;0;0.00000;0;0.00000;0;0.00000;0;0.00000;0;0.00000;1;0.00000;
2020-02-20 02:18:13.736;0;0;0.00000;0;0.00000;0;0.00000;0;0.00000;0;0.00000;0;0.00000;1;0.00000;
2020-02-20 02:18:13.758;0;0;0.00000;0;0.00000;0;0.00000;0;0.00000;0;0.00000;0;0.00000;1;0.00000;
2020-02-20 02:18:13.786;0;0;0.00000;0;0.00000;0;0.00000;0;0.00000;0;0.00000;0;0.00000;1;0.00000;
2020-02-20 02:18:13.802;0;0;0.00000;0;0.00000;0;0.00000;0;0.00000;0;0.00000;0;0.00000;1;0.00000;
2020-02-20 02:18:13.824;0;0;0.00000;0;0.00000;0;0.00000;0;0.00000;0;0.00000;0;0.00000;1;0.00000;
2020-02-20 02:18:13.847;0;0;0.00000;0;0.00000;0;0.00000;0;0.00000;0;0.00000;0;0.00000;1;0.00000;
2020-02-20 02:18:13.873;0;0;0.00000;0;0.00000;0;0.00000;0;0.00000;0;0.00000;0;0.00000;1;0.00000;
2020-02-20 02:18:13.890;0;0;0.00000;0;0.00000;0;0.00000;0;0.00000;0;0.00000;0;0.00000;1;0.00000;
2020-02-20 02:18:13.914;0;0;0.00000;0;0.00000;0;0.00000;0;0.00000;0;0.00000;0;0.00000;1;0.00000;
2020-02-20 02:18:13.936;0;0;0.00000;0;0.00000;0;0.00000;0;0.00000;0;0.00000;0;0.00000;1;0.00000;
2020-02-20 02:18:13.948;0;0;0.00000;0;0.00000;0;0.00000;0;0.00000;0;0.00000;0;0.00000;1;0.00000;
2020-02-20 02:18:13.975;0;0;0.00000;0;0.00000;0;0.00000;0;0.00000;0;0.00000;0;0.00000;1;0.00000;
2020-02-20 02:18:13.987;0;0;0.00000;0;0.00000;0;0.00000;0;0.00000;0;0.00000;0;0.00000;1;0.00000;
2020-02-20 02:18:14.002;0;0;0.00000;0;0.00000;0;0.00000;0;0.00000;0;0.00000;0;0.00000;1;0.00000;
2020-02-20 02:18:14.014;0;0;0.00000;0;0.00000;0;0.00000;0;0.00000;0;0.00000;0;0.00000;1;0.00000;
2020-02-20 02:18:14.036;0;0;0.00000;0;0.00000;0;0.00000;0;0.00000;0;0.00000;0;0.00000;1;0.00000;
2020-02-20 02:18:14.057;0;0;0.00000;0;0.00000;0;0.00000;0;0.00000;0;0.00000;0;0.00000;1;0.00000;
2020-02-20 02:18:14.074;0;0;0.00000;0;0.00000;0;0.00000;0;0.00000;0;0.00000;0;0.00000;1;0.00000;
2020-02-20 02:18:14.092;0;0;0.00000;0;0.00000;0;0.00000;0;0.00000;0;0.00000;0;0.00000;1;0.00000;
2020-02-20 02:18:14.103;0;0;0.00000;0;0.00000;0;0.00000;0;0.00000;0;0.00000;0;0.00000;1;0.00000;
2020-02-20 02:18:14.124;0;0;0.00000;0;0.00000;0;0.00000;0;0.00000;0;0.00000;0;0.00000;1;0.00000;
2020-02-20 02:18:14.137;0;1;0.01311;0;0.00000;0;0.00000;0;0.00000;0;0.00000;0;0.00000;0;0.00000;
2020-02-20 02:18:14.164;0;1;0.03438;0;0.00000;0;0.00000;0;0.00000;0;0.00000;0;0.00000;0;0.00000;
2020-02-20 02:18:14.180;0;1;0.05669;0;0.00000;0;0.00000;0;0.00000;0;0.00000;0;0.00000;0;0.00000;
2020-02-20 02:18:14.201;0;1;0.07747;0;0.00000;0;0.00000;0;0.00000;0;0.00000;0;0.00000;0;0.00000;
2020-02-20 02:18:14.214;0;1;0.09034;0;0.00000;0;0.00000;0;0.00000;0;0.00000;0;0.00000;0;0.00000;
2020-02-20 02:18:14.236;0;1;0.11152;0;0.00000;0;0.00000;0;0.00000;0;0.00000;0;0.00000;0;0.00000;
2020-02-20 02:18:14.249;0;1;0.12612;0;0.00000;0;0.00000;0;0.00000;0;0.00000;0;0.00000;0;0.00000;
2020-02-20 02:18:14.275;0;1;0.14620;0;0.00000;0;0.00000;0;0.00000;0;0.00000;0;0.00000;0;0.00000;
2020-02-20 02:18:14.288;0;1;0.16402;0;0.00000;0;0.00000;0;0.00000;0;0.00000;0;0.00000;0;0.00000;
2020-02-20 02:18:14.301;0;1;0.17725;0;0.00000;0;0.00000;0;0.00000;0;0.00000;0;0.00000;0;0.00000;
2020-02-20 02:18:14.314;0;1;0.19023;0;0.00000;0;0.00000;0;0.00000;0;0.00000;0;0.00000;0;0.00000;
2020-02-20 02:18:14.348;0;1;0.22311;0;0.00000;0;0.00000;0;0.00000;0;0.00000;0;0.00000;0;0.00000;
2020-02-20 02:18:14.369;0;1;0.24487;0;0.00000;0;0.00000;0;0.00000;0;0.00000;0;0.00000;0;0.00000;
2020-02-20 02:18:14.395;0;1;0.26680;0;0.00000;0;0.00000;0;0.00000;0;0.00000;0;0.00000;0;0.00000;
2020-02-20 02:18:14.414;0;1;0.28933;0;0.00000;0;0.00000;0;0.00000;0;0.00000;0;0.00000;0;0.00000;
2020-02-20 02:18:14.435;0;1;0.31112;0;0.00000;0;0.00000;0;0.00000;0;0.00000;0;0.00000;0;0.00000;
2020-02-20 02:18:14.456;0;1;0.33319;0;0.00000;0;0.00000;0;0.00000;0;0.00000;0;0.00000;0;0.00000;
2020-02-20 02:18:14.485;0;1;0.35585;0;0.00000;0;0.00000;0;0.00000;0;0.00000;0;0.00000;0;0.00000;
2020-02-20 02:18:14.502;0;1;0.37839;0;0.00000;0;0.00000;0;0.00000;0;0.00000;0;0.00000;0;0.00000;
2020-02-20 02:18:14.524;0;1;0.40013;0;0.00000;0;0.00000;0;0.00000;0;0.00000;0;0.00000;0;0.00000;
2020-02-20 02:18:14.547;0;1;0.42206;0;0.00000;0;0.00000;0;0.00000;0;0.00000;0;0.00000;0;0.00000;
2020-02-20 02:18:14.574;0;1;0.44557;0;0.00000;0;0.00000;0;0.00000;0;0.00000;0;0.00000;0;0.00000;
2020-02-20 02:18:14.591;0;1;0.46779;0;0.00000;0;0.00000;0;0.00000;0;0.00000;0;0.00000;0;0.00000;
2020-02-20 02:18:14.614;0;1;0.48935;0;0.00000;0;0.00000;0;0.00000;0;0.00000;0;0.00000;0;0.00000;
2020-02-20 02:18:14.635;0;1;0.51109;0;0.00000;0;0.00000;0;0.00000;0;0.00000;0;0.00000;0;0.00000;
2020-02-20 02:18:14.656;0;1;0.53268;0;0.00000;0;0.00000;0;0.00000;0;0.00000;0;0.00000;0;0.00000;
2020-02-20 02:18:14.684;0;1;0.55542;0;0.00000;0;0.00000;0;0.00000;0;0.00000;0;0.00000;0;0.00000;
2020-02-20 02:18:14.702;0;1;0.57784;0;0.00000;0;0.00000;0;0.00000;0;0.00000;0;0.00000;0;0.00000;
2020-02-20 02:18:14.724;0;1;0.60064;0;0.00000;0;0.00000;0;0.00000;0;0.00000;0;0.00000;0;0.00000;
2020-02-20 02:18:14.747;0;1;0.62234;0;0.00000;0;0.00000;0;0.00000;0;0.00000;0;0.00000;0;0.00000;
2020-02-20 02:18:14.772;0;1;0.64382;0;0.00000;0;0.00000;0;0.00000;0;0.00000;0;0.00000;0;0.00000;
2020-02-20 02:18:14.791;0;1;0.66684;0;0.00000;0;0.00000;0;0.00000;0;0.00000;0;0.00000;0;0.00000;
2020-02-20 02:18:14.813;0;1;0.68889;0;0.00000;0;0.00000;0;0.00000;0;0.00000;0;0.00000;0;0.00000;
2020-02-20 02:18:14.835;0;1;0.71078;0;0.00000;0;0.00000;0;0.00000;0;0.00000;0;0.00000;0;0.00000;
2020-02-20 02:18:14.857;0;1;0.73320;0;0.00000;0;0.00000;0;0.00000;0;0.00000;0;0.00000;0;0.00000;
2020-02-20 02:18:14.875;0;1;0.74534;0;0.00000;0;0.00000;0;0.00000;0;0.00000;0;0.00000;0;0.00000;
2020-02-20 02:18:14.890;0;1;0.76635;0;0.00000;0;0.00000;0;0.00000;0;0.00000;0;0.00000;0;0.00000;
2020-02-20 02:18:14.902;0;1;0.77897;0;0.00000;0;0.00000;0;0.00000;0;0.00000;0;0.00000;0;0.00000;
2020-02-20 02:18:14.925;0;1;0.79991;0;0.00000;0;0.00000;0;0.00000;0;0.00000;0;0.00000;0;0.00000;
2020-02-20 02:18:14.938;0;1;0.81429;0;0.00000;0;0.00000;0;0.00000;0;0.00000;0;0.00000;0;0.00000;
2020-02-20 02:18:14.961;0;1;0.83265;0;0.00000;0;0.00000;0;0.00000;0;0.00000;0;0.00000;0;0.00000;
2020-02-20 02:18:14.974;0;1;0.85029;0;0.00000;0;0.00000;0;0.00000;0;0.00000;0;0.00000;0;0.00000;
2020-02-20 02:18:14.990;0;1;0.86572;0;0.00000;0;0.00000;0;0.00000;0;0.00000;0;0.00000;0;0.00000;
2020-02-20 02:18:15.002;0;1;0.87880;0;0.00000;0;0.00000;0;0.00000;0;0.00000;0;0.00000;0;0.00000;
2020-02-20 02:18:15.027;0;1;0.90194;0;0.00000;0;0.00000;0;0.00000;0;0.00000;0;0.00000;0;0.00000;
2020-02-20 02:18:15.047;0;1;0.92330;0;0.00000;0;0.00000;0;0.00000;0;0.00000;0;0.00000;0;0.00000;
2020-02-20 02:18:15.074;0;1;0.94458;0;0.00000;0;0.00000;0;0.00000;0;0.00000;0;0.00000;0;0.00000;
2020-02-20 02:18:15.086;0;1;0.96200;0;0.00000;0;0.00000;0;0.00000;0;0.00000;0;0.00000;0;0.00000;
2020-02-20 02:18:15.102;0;1;0.97826;0;0.00000;0;0.00000;0;0.00000;0;0.00000;0;0.00000;0;0.00000;
2020-02-20 02:18:15.123;0;1;0.99986;0;0.00000;0;0.00000;0;0.00000;0;0.00000;0;0.00000;0;0.00000;
2020-02-20 02:18:15.135;0;1;0.00000;0;0.00000;0;0.00000;0;0.00000;0;0.00000;0;0.00000;0;0.00000;
2020-02-20 02:18:15.165;0;1;0.00000;0;0.00000;0;0.00000;0;0.00000;0;0.00000;0;0.00000;0;0.00000;
2020-02-20 02:18:15.180;0;1;0.00000;0;0.00000;0;0.00000;0;0.00000;0;0.00000;0;0.00000;0;0.00000;
2020-02-20 02:18:15.201;0;1;0.00000;0;0.00000;0;0.00000;0;0.00000;0;0.00000;0;0.00000;0;0.00000;
2020-02-20 02:18:15.214;0;1;0.00000;0;0.00000;0;0.00000;0;0.00000;0;0.00000;0;0.00000;0;0.00000;
2020-02-20 02:18:15.236;0;1;0.00000;0;0.00000;0;0.00000;0;0.00000;0;0.00000;0;0.00000;0;0.00000;
2020-02-20 02:18:15.257;0;1;0.00000;0;0.00000;0;0.00000;0;0.00000;0;0.00000;0;0.00000;0;0.00000;
2020-02-20 02:18:15.274;0;1;0.00000;0;0.00000;0;0.00000;0;0.00000;0;0.00000;0;0.00000;0;0.00000;
2020-02-20 02:18:15.292;0;1;0.00000;0;0.00000;0;0.00000;0;0.00000;0;0.00000;0;0.00000;0;0.00000;
2020-02-20 02:18:15.312;0;1;0.00000;0;0.00000;0;0.00000;0;0.00000;0;0.00000;0;0.00000;0;0.00000;
2020-02-20 02:18:15.337;0;1;0.00000;0;0.00000;0;0.00000;0;0.00000;0;0.00000;0;0.00000;0;0.00000;
2020-02-20 02:18:15.357;0;1;0.00000;0;0.00000;0;0.00000;0;0.00000;0;0.00000;0;0.00000;0;0.00000;
2020-02-20 02:18:15.384;0;1;0.00000;0;0.00000;0;0.00000;0;0.00000;0;0.00000;0;0.00000;0;0.00000;
2020-02-20 02:18:15.402;0;1;0.00000;0;0.00000;0;0.00000;0;0.00000;0;0.00000;0;0.00000;0;0.00000;
2020-02-20 02:18:15.424;0;1;0.00000;0;0.00000;0;0.00000;0;0.00000;0;0.00000;0;0.00000;0;0.00000;
2020-02-20 02:18:15.447;0;1;0.00000;0;0.00000;0;0.00000;0;0.00000;0;0.00000;0;0.00000;0;0.00000;
2020-02-20 02:18:15.474;0;1;0.00000;0;0.00000;0;0.00000;0;0.00000;0;0.00000;0;0.00000;0;0.00000;
2020-02-20 02:18:15.490;0;1;0.00000;0;0.00000;0;0.00000;0;0.00000;0;0.00000;0;0.00000;0;0.00000;
2020-02-20 02:18:15.512;0;1;0.00000;0;0.00000;0;0.00000;0;0.00000;0;0.00000;0;0.00000;0;0.00000;
2020-02-20 02:18:15.536;0;1;0.00000;0;0.00000;0;0.00000;0;0.00000;0;0.00000;0;0.00000;0;0.00000;
2020-02-20 02:18:15.556;0;1;0.00000;0;0.00000;0;0.00000;0;0.00000;0;0.00000;0;0.00000;0;0.00000;
2020-02-20 02:18:15.584;0;1;0.00000;0;0.00000;0;0.00000;0;0.00000;0;0.00000;0;0.00000;0;0.00000;
2020-02-20 02:18:15.602;0;1;0.00000;0;0.00000;0;0.00000;0;0.00000;0;0.00000;0;0.00000;0;0.00000;
2020-02-20 02:18:15.624;0;1;0.00000;0;0.00000;0;0.00000;0;0.00000;0;0.00000;0;0.00000;0;0.00000;
2020-02-20 02:18:15.645;0;1;0.00000;0;0.00000;0;0.00000;0;0.00000;0;0.00000;0;0.00000;0;0.00000;
2020-02-20 02:18:15.674;0;1;0.00000;0;0.00000;0;0.00000;0;0.00000;0;0.00000;0;0.00000;0;0.00000;
2020-02-20 02:18:15.690;0;1;0.00000;0;0.00000;0;0.00000;0;0.00000;0;0.00000;0;0.00000;0;0.00000;
2020-02-20 02:18:15.712;0;1;0.00000;0;0.00000;0;0.00000;0;0.00000;0;0.00000;0;0.00000;0;0.00000;
2020-02-20 02:18:15.736;0;1;0.00000;0;0.00000;0;0.00000;0;0.00000;0;0.00000;0;0.00000;0;0.00000;
2020-02-20 02:18:15.757;0;1;0.00000;0;0.00000;0;0.00000;0;0.00000;0;0.00000;0;0.00000;0;0.00000;
2020-02-20 02:18:15.785;0;1;0.00000;0;0.00000;0;0.00000;0;0.00000;0;0.00000;0;0.00000;0;0.00000;
2020-02-20 02:18:15.802;0;1;0.00000;0;0.00000;0;0.00000;0;0.00000;0;0.00000;0;0.00000;0;0.00000;
2020-02-20 02:18:15.813;0;1;0.00000;0;0.00000;0;0.00000;0;0.00000;0;0.00000;0;0.00000;0;0.00000;
2020-02-20 02:18:15.834;0;1;0.00000;0;0.00000;0;0.00000;0;0.00000;0;0.00000;0;0.00000;0;0.00000;
2020-02-20 02:18:15.848;0;1;0.00000;0;0.00000;0;0.00000;0;0.00000;0;0.00000;0;0.00000;0;0.00000;
2020-02-20 02:18:15.874;0;1;0.00000;0;0.00000;0;0.00000;0;0.00000;0;0.00000;0;0.00000;0;0.00000;
2020-02-20 02:18:15.886;0;1;0.00000;0;0.00000;0;0.00000;0;0.00000;0;0.00000;0;0.00000;0;0.00000;
2020-02-20 02:18:15.902;0;1;0.00000;0;0.00000;0;0.00000;0;0.00000;0;0.00000;0;0.00000;0;0.00000;
2020-02-20 02:18:15.925;0;1;0.00000;0;0.00000;0;0.00000;0;0.00000;0;0.00000;0;0.00000;0;0.00000;
2020-02-20 02:18:15.945;0;1;0.00000;0;0.00000;0;0.00000;0;0.00000;0;0.00000;0;0.00000;0;0.00000;
2020-02-20 02:18:15.964;0;1;0.00000;0;0.00000;0;0.00000;0;0.00000;0;0.00000;0;0.00000;0;0.00000;
2020-02-20 02:18:15.979;0;1;0.00000;0;0.00000;0;0.00000;0;0.00000;0;0.00000;0;0.00000;0;0.00000;
2020-02-20 02:18:15.991;0;1;0.00000;0;0.00000;0;0.00000;0;0.00000;0;0.00000;0;0.00000;0;0.00000;
2020-02-20 02:18:16.012;0;1;0.00000;0;0.00000;0;0.00000;0;0.00000;0;0.00000;0;0.00000;0;0.00000;
2020-02-20 02:18:16.023;0;1;0.00000;0;0.00000;0;0.00000;0;0.00000;0;0.00000;0;0.00000;0;0.00000;
2020-02-20 02:18:16.037;0;1;0.00000;0;0.00000;0;0.00000;0;0.00000;0;0.00000;0;0.00000;0;0.00000;
2020-02-20 02:18:16.061;0;1;0.00000;0;0.00000;0;0.00000;0;0.00000;0;0.00000;0;0.00000;0;0.00000;
2020-02-20 02:18:16.074;0;1;0.00000;0;0.00000;0;0.00000;0;0.00000;0;0.00000;0;0.00000;0;0.00000;
2020-02-20 02:18:16.092;0;1;0.00000;0;0.00000;0;0.00000;0;0.00000;0;0.00000;0;0.00000;0;0.00000;
2020-02-20 02:18:16.112;0;1;0.00000;0;0.00000;0;0.00000;0;0.00000;0;0.00000;0;0.00000;0;0.00000;
2020-02-20 02:18:16.136;0;0;0.00000;1;0.02264;0;0.00000;0;0.00000;0;0.00000;0;0.00000;0;0.00000;
2020-02-20 02:18:16.158;0;0;0.00000;1;0.04439;0;0.00000;0;0.00000;0;0.00000;0;0.00000;0;0.00000;
2020-02-20 02:18:16.185;0;0;0.00000;1;0.06671;0;0.00000;0;0.00000;0;0.00000;0;0.00000;0;0.00000;
2020-02-20 02:18:16.214;0;0;0.00000;1;0.09969;0;0.00000;0;0.00000;0;0.00000;0;0.00000;0;0.00000;
2020-02-20 02:18:16.235;0;0;0.00000;1;0.12185;0;0.00000;0;0.00000;0;0.00000;0;0.00000;0;0.00000;
2020-02-20 02:18:16.258;0;0;0.00000;1;0.14483;0;0.00000;0;0.00000;0;0.00000;0;0.00000;0;0.00000;
2020-02-20 02:18:16.284;0;0;0.00000;1;0.16619;0;0.00000;0;0.00000;0;0.00000;0;0.00000;0;0.00000;
2020-02-20 02:18:16.302;0;0;0.00000;1;0.18927;0;0.00000;0;0.00000;0;0.00000;0;0.00000;0;0.00000;
2020-02-20 02:18:16.325;0;0;0.00000;1;0.21272;0;0.00000;0;0.00000;0;0.00000;0;0.00000;0;0.00000;
2020-02-20 02:18:16.348;0;0;0.00000;1;0.23383;0;0.00000;0;0.00000;0;0.00000;0;0.00000;0;0.00000;
2020-02-20 02:18:16.373;0;0;0.00000;1;0.25432;0;0.00000;0;0.00000;0;0.00000;0;0.00000;0;0.00000;
2020-02-20 02:18:16.390;0;0;0.00000;1;0.27763;0;0.00000;0;0.00000;0;0.00000;0;0.00000;0;0.00000;
2020-02-20 02:18:16.413;0;0;0.00000;1;0.29973;0;0.00000;0;0.00000;0;0.00000;0;0.00000;0;0.00000;
2020-02-20 02:18:16.436;0;0;0.00000;1;0.32281;0;0.00000;0;0.00000;0;0.00000;0;0.00000;0;0.00000;
2020-02-20 02:18:16.457;0;0;0.00000;1;0.34398;0;0.00000;0;0.00000;0;0.00000;0;0.00000;0;0.00000;
2020-02-20 02:18:16.485;0;0;0.00000;1;0.36628;0;0.00000;0;0.00000;0;0.00000;0;0.00000;0;0.00000;
2020-02-20 02:18:16.502;0;0;0.00000;1;0.38954;0;0.00000;0;0.00000;0;0.00000;0;0.00000;0;0.00000;
2020-02-20 02:18:16.523;0;0;0.00000;1;0.41072;0;0.00000;0;0.00000;0;0.00000;0;0.00000;0;0.00000;
2020-02-20 02:18:16.547;0;0;0.00000;1;0.43322;0;0.00000;0;0.00000;0;0.00000;0;0.00000;0;0.00000;
2020-02-20 02:18:16.573;0;0;0.00000;1;0.45474;0;0.00000;0;0.00000;0;0.00000;0;0.00000;0;0.00000;
2020-02-20 02:18:16.589;0;0;0.00000;1;0.47660;0;0.00000;0;0.00000;0;0.00000;0;0.00000;0;0.00000;
2020-02-20 02:18:16.612;0;0;0.00000;1;0.49894;0;0.00000;0;0.00000;0;0.00000;0;0.00000;0;0.00000;
2020-02-20 02:18:16.635;0;0;0.00000;1;0.52209;0;0.00000;0;0.00000;0;0.00000;0;0.00000;0;0.00000;
2020-02-20 02:18:16.656;0;0;0.00000;1;0.54422;0;0.00000;0;0.00000;0;0.00000;0;0.00000;0;0.00000;
2020-02-20 02:18:16.684;0;0;0.00000;1;0.56528;0;0.00000;0;0.00000;0;0.00000;0;0.00000;0;0.00000;
2020-02-20 02:18:16.701;0;0;0.00000;1;0.58822;0;0.00000;0;0.00000;0;0.00000;0;0.00000;0;0.00000;
2020-02-20 02:18:16.722;0;0;0.00000;1;0.61022;0;0.00000;0;0.00000;0;0.00000;0;0.00000;0;0.00000;
2020-02-20 02:18:16.736;0;0;0.00000;1;0.62211;0;0.00000;0;0.00000;0;0.00000;0;0.00000;0;0.00000;
2020-02-20 02:18:16.762;0;0;0.00000;1;0.64372;0;0.00000;0;0.00000;0;0.00000;0;0.00000;0;0.00000;
2020-02-20 02:18:16.776;0;0;0.00000;1;0.66346;0;0.00000;0;0.00000;0;0.00000;0;0.00000;0;0.00000;
2020-02-20 02:18:16.792;0;0;0.00000;1;0.67831;0;0.00000;0;0.00000;0;0.00000;0;0.00000;0;0.00000;
2020-02-20 02:18:16.815;0;0;0.00000;1;0.70179;0;0.00000;0;0.00000;0;0.00000;0;0.00000;0;0.00000;
2020-02-20 02:18:16.835;0;0;0.00000;1;0.72216;0;0.00000;0;0.00000;0;0.00000;0;0.00000;0;0.00000;
2020-02-20 02:18:16.857;0;0;0.00000;1;0.74429;0;0.00000;0;0.00000;0;0.00000;0;0.00000;0;0.00000;
2020-02-20 02:18:16.884;0;0;0.00000;1;0.76626;0;0.00000;0;0.00000;0;0.00000;0;0.00000;0;0.00000;
2020-02-20 02:18:16.901;0;0;0.00000;1;0.78740;0;0.00000;0;0.00000;0;0.00000;0;0.00000;0;0.00000;
2020-02-20 02:18:16.914;0;0;0.00000;1;0.80025;0;0.00000;0;0.00000;0;0.00000;0;0.00000;0;0.00000;
2020-02-20 02:18:16.934;0;0;0.00000;1;0.82133;0;0.00000;0;0.00000;0;0.00000;0;0.00000;0;0.00000;
2020-02-20 02:18:16.946;0;0;0.00000;1;0.83337;0;0.00000;0;0.00000;0;0.00000;0;0.00000;0;0.00000;
2020-02-20 02:18:16.973;0;0;0.00000;1;0.85488;0;0.00000;0;0.00000;0;0.00000;0;0.00000;0;0.00000;
2020-02-20 02:18:16.986;0;0;0.00000;1;0.87333;0;0.00000;0;0.00000;0;0.00000;0;0.00000;0;0.00000;
2020-02-20 02:18:17.001;0;0;0.00000;1;0.88779;0;0.00000;0;0.00000;0;0.00000;0;0.00000;0;0.00000;
2020-02-20 02:18:17.013;0;0;0.00000;1;0.90099;0;0.00000;0;0.00000;0;0.00000;0;0.00000;0;0.00000;
2020-02-20 02:18:17.035;0;0;0.00000;1;0.92161;0;0.00000;0;0.00000;0;0.00000;0;0.00000;0;0.00000;
2020-02-20 02:18:17.056;0;0;0.00000;1;0.94376;0;0.00000;0;0.00000;0;0.00000;0;0.00000;0;0.00000;
2020-02-20 02:18:17.073;0;0;0.00000;1;0.95524;0;0.00000;0;0.00000;0;0.00000;0;0.00000;0;0.00000;
2020-02-20 02:18:17.090;0;0;0.00000;1;0.97654;0;0.00000;0;0.00000;0;0.00000;0;0.00000;0;0.00000;
2020-02-20 02:18:17.102;0;0;0.00000;1;0.98967;0;0.00000;0;0.00000;0;0.00000;0;0.00000;0;0.00000;
2020-02-20 02:18:17.123;0;0;0.00000;1;0.00000;0;0.00000;0;0.00000;0;0.00000;0;0.00000;0;0.00000;
2020-02-20 02:18:17.135;0;0;0.00000;1;0.00000;0;0.00000;0;0.00000;0;0.00000;0;0.00000;0;0.00000;
2020-02-20 02:18:17.175;0;0;0.00000;1;0.00000;0;0.00000;0;0.00000;0;0.00000;0;0.00000;0;0.00000;
2020-02-20 02:18:17.191;0;0;0.00000;1;0.00000;0;0.00000;0;0.00000;0;0.00000;0;0.00000;0;0.00000;
2020-02-20 02:18:17.212;0;0;0.00000;1;0.00000;0;0.00000;0;0.00000;0;0.00000;0;0.00000;0;0.00000;
2020-02-20 02:18:17.236;0;0;0.00000;1;0.00000;0;0.00000;0;0.00000;0;0.00000;0;0.00000;0;0.00000;
2020-02-20 02:18:17.257;0;0;0.00000;1;0.00000;0;0.00000;0;0.00000;0;0.00000;0;0.00000;0;0.00000;
2020-02-20 02:18:17.283;0;0;0.00000;1;0.00000;0;0.00000;0;0.00000;0;0.00000;0;0.00000;0;0.00000;
2020-02-20 02:18:17.301;0;0;0.00000;1;0.00000;0;0.00000;0;0.00000;0;0.00000;0;0.00000;0;0.00000;
2020-02-20 02:18:17.322;0;0;0.00000;1;0.00000;0;0.00000;0;0.00000;0;0.00000;0;0.00000;0;0.00000;
2020-02-20 02:18:17.346;0;0;0.00000;1;0.00000;0;0.00000;0;0.00000;0;0.00000;0;0.00000;0;0.00000;
2020-02-20 02:18:17.375;0;0;0.00000;1;0.00000;0;0.00000;0;0.00000;0;0.00000;0;0.00000;0;0.00000;
2020-02-20 02:18:17.390;0;0;0.00000;1;0.00000;0;0.00000;0;0.00000;0;0.00000;0;0.00000;0;0.00000;
2020-02-20 02:18:17.412;0;0;0.00000;1;0.00000;0;0.00000;0;0.00000;0;0.00000;0;0.00000;0;0.00000;
2020-02-20 02:18:17.435;0;0;0.00000;1;0.00000;0;0.00000;0;0.00000;0;0.00000;0;0.00000;0;0.00000;
2020-02-20 02:18:17.456;0;0;0.00000;1;0.00000;0;0.00000;0;0.00000;0;0.00000;0;0.00000;0;0.00000;
2020-02-20 02:18:17.484;0;0;0.00000;1;0.00000;0;0.00000;0;0.00000;0;0.00000;0;0.00000;0;0.00000;
2020-02-20 02:18:17.501;0;0;0.00000;1;0.00000;0;0.00000;0;0.00000;0;0.00000;0;0.00000;0;0.00000;
2020-02-20 02:18:17.522;0;0;0.00000;1;0.00000;0;0.00000;0;0.00000;0;0.00000;0;0.00000;0;0.00000;
2020-02-20 02:18:17.545;0;0;0.00000;1;0.00000;0;0.00000;0;0.00000;0;0.00000;0;0.00000;0;0.00000;
2020-02-20 02:18:17.574;0;0;0.00000;1;0.00000;0;0.00000;0;0.00000;0;0.00000;0;0.00000;0;0.00000;
2020-02-20 02:18:17.589;0;0;0.00000;1;0.00000;0;0.00000;0;0.00000;0;0.00000;0;0.00000;0;0.00000;
2020-02-20 02:18:17.612;0;0;0.00000;1;0.00000;0;0.00000;0;0.00000;0;0.00000;0;0.00000;0;0.00000;
2020-02-20 02:18:17.635;0;0;0.00000;1;0.00000;0;0.00000;0;0.00000;0;0.00000;0;0.00000;0;0.00000;
2020-02-20 02:18:17.655;0;0;0.00000;1;0.00000;0;0.00000;0;0.00000;0;0.00000;0;0.00000;0;0.00000;
2020-02-20 02:18:17.683;0;0;0.00000;1;0.00000;0;0.00000;0;0.00000;0;0.00000;0;0.00000;0;0.00000;
2020-02-20 02:18:17.695;0;0;0.00000;1;0.00000;0;0.00000;0;0.00000;0;0.00000;0;0.00000;0;0.00000;
2020-02-20 02:18:17.711;0;0;0.00000;1;0.00000;0;0.00000;0;0.00000;0;0.00000;0;0.00000;0;0.00000;
2020-02-20 02:18:17.723;0;0;0.00000;1;0.00000;0;0.00000;0;0.00000;0;0.00000;0;0.00000;0;0.00000;
2020-02-20 02:18:17.735;0;0;0.00000;1;0.00000;0;0.00000;0;0.00000;0;0.00000;0;0.00000;0;0.00000;
2020-02-20 02:18:17.761;0;0;0.00000;1;0.00000;0;0.00000;0;0.00000;0;0.00000;0;0.00000;0;0.00000;
2020-02-20 02:18:17.773;0;0;0.00000;1;0.00000;0;0.00000;0;0.00000;0;0.00000;0;0.00000;0;0.00000;
2020-02-20 02:18:17.789;0;0;0.00000;1;0.00000;0;0.00000;0;0.00000;0;0.00000;0;0.00000;0;0.00000;
2020-02-20 02:18:17.800;0;0;0.00000;1;0.00000;0;0.00000;0;0.00000;0;0.00000;0;0.00000;0;0.00000;
2020-02-20 02:18:17.824;0;0;0.00000;1;0.00000;0;0.00000;0;0.00000;0;0.00000;0;0.00000;0;0.00000;
2020-02-20 02:18:17.836;0;0;0.00000;1;0.00000;0;0.00000;0;0.00000;0;0.00000;0;0.00000;0;0.00000;
2020-02-20 02:18:17.861;0;0;0.00000;1;0.00000;0;0.00000;0;0.00000;0;0.00000;0;0.00000;0;0.00000;
2020-02-20 02:18:17.874;0;0;0.00000;1;0.00000;0;0.00000;0;0.00000;0;0.00000;0;0.00000;0;0.00000;
2020-02-20 02:18:17.889;0;0;0.00000;1;0.00000;0;0.00000;0;0.00000;0;0.00000;0;0.00000;0;0.00000;
2020-02-20 02:18:17.901;0;0;0.00000;1;0.00000;0;0.00000;0;0.00000;0;0.00000;0;0.00000;0;0.00000;
2020-02-20 02:18:17.923;0;0;0.00000;1;0.00000;0;0.00000;0;0.00000;0;0.00000;0;0.00000;0;0.00000;
2020-02-20 02:18:17.945;0;0;0.00000;1;0.00000;0;0.00000;0;0.00000;0;0.00000;0;0.00000;0;0.00000;
2020-02-20 02:18:17.961;0;0;0.00000;1;0.00000;0;0.00000;0;0.00000;0;0.00000;0;0.00000;0;0.00000;
2020-02-20 02:18:17.977;0;0;0.00000;1;0.00000;0;0.00000;0;0.00000;0;0.00000;0;0.00000;0;0.00000;
2020-02-20 02:18:17.989;0;0;0.00000;1;0.00000;0;0.00000;0;0.00000;0;0.00000;0;0.00000;0;0.00000;
2020-02-20 02:18:18.002;0;0;0.00000;1;0.00000;0;0.00000;0;0.00000;0;0.00000;0;0.00000;0;0.00000;
2020-02-20 02:18:18.021;0;0;0.00000;1;0.00000;0;0.00000;0;0.00000;0;0.00000;0;0.00000;0;0.00000;
2020-02-20 02:18:18.035;0;0;0.00000;1;0.00000;0;0.00000;0;0.00000;0;0.00000;0;0.00000;0;0.00000;
2020-02-20 02:18:18.063;0;0;0.00000;1;0.00000;0;0.00000;0;0.00000;0;0.00000;0;0.00000;0;0.00000;
2020-02-20 02:18:18.078;0;0;0.00000;1;0.00000;0;0.00000;0;0.00000;0;0.00000;0;0.00000;0;0.00000;
2020-02-20 02:18:18.100;0;0;0.00000;1;0.00000;0;0.00000;0;0.00000;0;0.00000;0;0.00000;0;0.00000;
2020-02-20 02:18:18.124;0;0;0.00000;0;0.00000;1;0.02234;0;0.00000;0;0.00000;0;0.00000;0;0.00000;
2020-02-20 02:18:18.146;0;0;0.00000;0;0.00000;1;0.04610;0;0.00000;0;0.00000;0;0.00000;0;0.00000;
2020-02-20 02:18:18.175;0;0;0.00000;0;0.00000;1;0.06816;0;0.00000;0;0.00000;0;0.00000;0;0.00000;
2020-02-20 02:18:18.191;0;0;0.00000;0;0.00000;1;0.08976;0;0.00000;0;0.00000;0;0.00000;0;0.00000;
2020-02-20 02:18:18.213;0;0;0.00000;0;0.00000;1;0.11272;0;0.00000;0;0.00000;0;0.00000;0;0.00000;
2020-02-20 02:18:18.235;0;0;0.00000;0;0.00000;1;0.13531;0;0.00000;0;0.00000;0;0.00000;0;0.00000;
2020-02-20 02:18:18.257;0;0;0.00000;0;0.00000;1;0.15598;0;0.00000;0;0.00000;0;0.00000;0;0.00000;
2020-02-20 02:18:18.282;0;0;0.00000;0;0.00000;1;0.17689;0;0.00000;0;0.00000;0;0.00000;0;0.00000;
2020-02-20 02:18:18.301;0;0;0.00000;0;0.00000;1;0.20045;0;0.00000;0;0.00000;0;0.00000;0;0.00000;
2020-02-20 02:18:18.322;0;0;0.00000;0;0.00000;1;0.22168;0;0.00000;0;0.00000;0;0.00000;0;0.00000;
2020-02-20 02:18:18.345;0;0;0.00000;0;0.00000;1;0.24412;0;0.00000;0;0.00000;0;0.00000;0;0.00000;
2020-02-20 02:18:18.372;0;0;0.00000;0;0.00000;1;0.26648;0;0.00000;0;0.00000;0;0.00000;0;0.00000;
2020-02-20 02:18:18.389;0;0;0.00000;0;0.00000;1;0.28843;0;0.00000;0;0.00000;0;0.00000;0;0.00000;
2020-02-20 02:18:18.412;0;0;0.00000;0;0.00000;1;0.31146;0;0.00000;0;0.00000;0;0.00000;0;0.00000;
2020-02-20 02:18:18.434;0;0;0.00000;0;0.00000;1;0.33372;0;0.00000;0;0.00000;0;0.00000;0;0.00000;
2020-02-20 02:18:18.457;0;0;0.00000;0;0.00000;1;0.35597;0;0.00000;0;0.00000;0;0.00000;0;0.00000;
2020-02-20 02:18:18.486;0;0;0.00000;0;0.00000;1;0.37877;0;0.00000;0;0.00000;0;0.00000;0;0.00000;
2020-02-20 02:18:18.503;0;0;0.00000;0;0.00000;1;0.40184;0;0.00000;0;0.00000;0;0.00000;0;0.00000;
2020-02-20 02:18:18.523;0;0;0.00000;0;0.00000;1;0.42245;0;0.00000;0;0.00000;0;0.00000;0;0.00000;
2020-02-20 02:18:18.546;0;0;0.00000;0;0.00000;1;0.44465;0;0.00000;0;0.00000;0;0.00000;0;0.00000;
2020-02-20 02:18:18.572;0;0;0.00000;0;0.00000;1;0.46646;0;0.00000;0;0.00000;0;0.00000;0;0.00000;
2020-02-20 02:18:18.590;0;0;0.00000;0;0.00000;1;0.48934;0;0.00000;0;0.00000;0;0.00000;0;0.00000;
2020-02-20 02:18:18.612;0;0;0.00000;0;0.00000;1;0.51101;0;0.00000;0;0.00000;0;0.00000;0;0.00000;
2020-02-20 02:18:18.633;0;0;0.00000;0;0.00000;1;0.53279;0;0.00000;0;0.00000;0;0.00000;0;0.00000;
2020-02-20 02:18:18.646;0;0;0.00000;0;0.00000;1;0.54569;0;0.00000;0;0.00000;0;0.00000;0;0.00000;
2020-02-20 02:18:18.672;0;0;0.00000;0;0.00000;1;0.56677;0;0.00000;0;0.00000;0;0.00000;0;0.00000;
2020-02-20 02:18:18.685;0;0;0.00000;0;0.00000;1;0.58446;0;0.00000;0;0.00000;0;0.00000;0;0.00000;
2020-02-20 02:18:18.701;0;0;0.00000;0;0.00000;1;0.59908;0;0.00000;0;0.00000;0;0.00000;0;0.00000;
2020-02-20 02:18:18.712;0;0;0.00000;0;0.00000;1;0.61232;0;0.00000;0;0.00000;0;0.00000;0;0.00000;
2020-02-20 02:18:18.733;0;0;0.00000;0;0.00000;1;0.63313;0;0.00000;0;0.00000;0;0.00000;0;0.00000;
2020-02-20 02:18:18.745;0;0;0.00000;0;0.00000;1;0.64534;0;0.00000;0;0.00000;0;0.00000;0;0.00000;
2020-02-20 02:18:18.772;0;0;0.00000;0;0.00000;1;0.66625;0;0.00000;0;0.00000;0;0.00000;0;0.00000;
2020-02-20 02:18:18.784;0;0;0.00000;0;0.00000;1;0.68385;0;0.00000;0;0.00000;0;0.00000;0;0.00000;
2020-02-20 02:18:18.800;0;0;0.00000;0;0.00000;1;0.70005;0;0.00000;0;0.00000;0;0.00000;0;0.00000;
2020-02-20 02:18:18.823;0;0;0.00000;0;0.00000;1;0.72194;0;0.00000;0;0.00000;0;0.00000;0;0.00000;
2020-02-20 02:18:18.834;0;0;0.00000;0;0.00000;1;0.73421;0;0.00000;0;0.00000;0;0.00000;0;0.00000;
2020-02-20 02:18:18.860;0;0;0.00000;0;0.00000;1;0.75485;0;0.00000;0;0.00000;0;0.00000;0;0.00000;
2020-02-20 02:18:18.873;0;0;0.00000;0;0.00000;1;0.77262;0;0.00000;0;0.00000;0;0.00000;0;0.00000;
2020-02-20 02:18:18.888;0;0;0.00000;0;0.00000;1;0.78823;0;0.00000;0;0.00000;0;0.00000;0;0.00000;
2020-02-20 02:18:18.901;0;0;0.00000;0;0.00000;1;0.80035;0;0.00000;0;0.00000;0;0.00000;0;0.00000;
2020-02-20 02:18:18.923;0;0;0.00000;0;0.00000;1;0.82195;0;0.00000;0;0.00000;0;0.00000;0;0.00000;
2020-02-20 02:18:18.935;0;0;0.00000;0;0.00000;1;0.83403;0;0.00000;0;0.00000;0;0.00000;0;0.00000;
2020-02-20 02:18:18.960;0;0;0.00000;0;0.00000;1;0.85538;0;0.00000;0;0.00000;0;0.00000;0;0.00000;
2020-02-20 02:18:18.978;0;0;0.00000;0;0.00000;1;0.87756;0;0.00000;0;0.00000;0;0.00000;0;0.00000;
2020-02-20 02:18:18.990;0;0;0.00000;0;0.00000;1;0.88913;0;0.00000;0;0.00000;0;0.00000;0;0.00000;
2020-02-20 02:18:19.011;0;0;0.00000;0;0.00000;1;0.91059;0;0.00000;0;0.00000;0;0.00000;0;0.00000;
2020-02-20 02:18:19.034;0;0;0.00000;0;0.00000;1;0.93317;0;0.00000;0;0.00000;0;0.00000;0;0.00000;
2020-02-20 02:18:19.056;0;0;0.00000;0;0.00000;1;0.95490;0;0.00000;0;0.00000;0;0.00000;0;0.00000;
2020-02-20 02:18:19.083;0;0;0.00000;0;0.00000;1;0.97707;0;0.00000;0;0.00000;0;0.00000;0;0.00000;
2020-02-20 02:18:19.101;0;0;0.00000;0;0.00000;1;0.99964;0;0.00000;0;0.00000;0;0.00000;0;0.00000;
2020-02-20 02:18:19.122;0;0;0.00000;0;0.00000;1;0.00000;0;0.00000;0;0.00000;0;0.00000;0;0.00000;
2020-02-20 02:18:19.145;0;0;0.00000;0;0.00000;1;0.00000;0;0.00000;0;0.00000;0;0.00000;0;0.00000;
2020-02-20 02:18:19.168;0;0;0.00000;0;0.00000;1;0.00000;0;0.00000;0;0.00000;0;0.00000;0;0.00000;
2020-02-20 02:18:19.195;0;0;0.00000;0;0.00000;1;0.00000;0;0.00000;0;0.00000;0;0.00000;0;0.00000;
2020-02-20 02:18:19.211;0;0;0.00000;0;0.00000;1;0.00000;0;0.00000;0;0.00000;0;0.00000;0;0.00000;
2020-02-20 02:18:19.233;0;0;0.00000;0;0.00000;1;0.00000;0;0.00000;0;0.00000;0;0.00000;0;0.00000;
2020-02-20 02:18:19.258;0;0;0.00000;0;0.00000;1;0.00000;0;0.00000;0;0.00000;0;0.00000;0;0.00000;
2020-02-20 02:18:19.282;0;0;0.00000;0;0.00000;1;0.00000;0;0.00000;0;0.00000;0;0.00000;0;0.00000;
2020-02-20 02:18:19.302;0;0;0.00000;0;0.00000;1;0.00000;0;0.00000;0;0.00000;0;0.00000;0;0.00000;
2020-02-20 02:18:19.323;0;0;0.00000;0;0.00000;1;0.00000;0;0.00000;0;0.00000;0;0.00000;0;0.00000;
2020-02-20 02:18:19.343;0;0;0.00000;0;0.00000;1;0.00000;0;0.00000;0;0.00000;0;0.00000;0;0.00000;
2020-02-20 02:18:19.371;0;0;0.00000;0;0.00000;1;0.00000;0;0.00000;0;0.00000;0;0.00000;0;0.00000;
2020-02-20 02:18:19.389;0;0;0.00000;0;0.00000;1;0.00000;0;0.00000;0;0.00000;0;0.00000;0;0.00000;
2020-02-20 02:18:19.411;0;0;0.00000;0;0.00000;1;0.00000;0;0.00000;0;0.00000;0;0.00000;0;0.00000;
2020-02-20 02:18:19.433;0;0;0.00000;0;0.00000;1;0.00000;0;0.00000;0;0.00000;0;0.00000;0;0.00000;
2020-02-20 02:18:19.456;0;0;0.00000;0;0.00000;1;0.00000;0;0.00000;0;0.00000;0;0.00000;0;0.00000;
2020-02-20 02:18:19.484;0;0;0.00000;0;0.00000;1;0.00000;0;0.00000;0;0.00000;0;0.00000;0;0.00000;
2020-02-20 02:18:19.500;0;0;0.00000;0;0.00000;1;0.00000;0;0.00000;0;0.00000;0;0.00000;0;0.00000;
2020-02-20 02:18:19.511;0;0;0.00000;0;0.00000;1;0.00000;0;0.00000;0;0.00000;0;0.00000;0;0.00000;
2020-02-20 02:18:19.532;0;0;0.00000;0;0.00000;1;0.00000;0;0.00000;0;0.00000;0;0.00000;0;0.00000;
2020-02-20 02:18:19.545;0;0;0.00000;0;0.00000;1;0.00000;0;0.00000;0;0.00000;0;0.00000;0;0.00000;
2020-02-20 02:18:19.572;0;0;0.00000;0;0.00000;1;0.00000;0;0.00000;0;0.00000;0;0.00000;0;0.00000;
2020-02-20 02:18:19.584;0;0;0.00000;0;0.00000;1;0.00000;0;0.00000;0;0.00000;0;0.00000;0;0.00000;
2020-02-20 02:18:19.599;0;0;0.00000;0;0.00000;1;0.00000;0;0.00000;0;0.00000;0;0.00000;0;0.00000;
2020-02-20 02:18:19.612;0;0;0.00000;0;0.00000;1;0.00000;0;0.00000;0;0.00000;0;0.00000;0;0.00000;
2020-02-20 02:18:19.634;0;0;0.00000;0;0.00000;1;0.00000;0;0.00000;0;0.00000;0;0.00000;0;0.00000;
2020-02-20 02:18:19.654;0;0;0.00000;0;0.00000;1;0.00000;0;0.00000;0;0.00000;0;0.00000;0;0.00000;
2020-02-20 02:18:19.672;0;0;0.00000;0;0.00000;1;0.00000;0;0.00000;0;0.00000;0;0.00000;0;0.00000;
2020-02-20 02:18:19.685;0;0;0.00000;0;0.00000;1;0.00000;0;0.00000;0;0.00000;0;0.00000;0;0.00000;
2020-02-20 02:18:19.701;0;0;0.00000;0;0.00000;1;0.00000;0;0.00000;0;0.00000;0;0.00000;0;0.00000;
2020-02-20 02:18:19.721;0;0;0.00000;0;0.00000;1;0.00000;0;0.00000;0;0.00000;0;0.00000;0;0.00000;
2020-02-20 02:18:19.733;0;0;0.00000;0;0.00000;1;0.00000;0;0.00000;0;0.00000;0;0.00000;0;0.00000;
2020-02-20 02:18:19.756;0;0;0.00000;0;0.00000;1;0.00000;0;0.00000;0;0.00000;0;0.00000;0;0.00000;
2020-02-20 02:18:19.773;0;0;0.00000;0;0.00000;1;0.00000;0;0.00000;0;0.00000;0;0.00000;0;0.00000;
2020-02-20 02:18:19.788;0;0;0.00000;0;0.00000;1;0.00000;0;0.00000;0;0.00000;0;0.00000;0;0.00000;
2020-02-20 02:18:19.811;0;0;0.00000;0;0.00000;1;0.00000;0;0.00000;0;0.00000;0;0.00000;0;0.00000;
2020-02-20 02:18:19.823;0;0;0.00000;0;0.00000;1;0.00000;0;0.00000;0;0.00000;0;0.00000;0;0.00000;
2020-02-20 02:18:19.843;0;0;0.00000;0;0.00000;1;0.00000;0;0.00000;0;0.00000;0;0.00000;0;0.00000;
2020-02-20 02:18:19.860;0;0;0.00000;0;0.00000;1;0.00000;0;0.00000;0;0.00000;0;0.00000;0;0.00000;
2020-02-20 02:18:19.873;0;0;0.00000;0;0.00000;1;0.00000;0;0.00000;0;0.00000;0;0.00000;0;0.00000;
2020-02-20 02:18:19.888;0;0;0.00000;0;0.00000;1;0.00000;0;0.00000;0;0.00000;0;0.00000;0;0.00000;
2020-02-20 02:18:19.900;0;0;0.00000;0;0.00000;1;0.00000;0;0.00000;0;0.00000;0;0.00000;0;0.00000;
2020-02-20 02:18:19.922;0;0;0.00000;0;0.00000;1;0.00000;0;0.00000;0;0.00000;0;0.00000;0;0.00000;
2020-02-20 02:18:19.945;0;0;0.00000;0;0.00000;1;0.00000;0;0.00000;0;0.00000;0;0.00000;0;0.00000;
2020-02-20 02:18:19.970;0;0;0.00000;0;0.00000;1;0.00000;0;0.00000;0;0.00000;0;0.00000;0;0.00000;
2020-02-20 02:18:19.988;0;0;0.00000;0;0.00000;1;0.00000;0;0.00000;0;0.00000;0;0.00000;0;0.00000;
2020-02-20 02:18:20.012;0;0;0.00000;0;0.00000;1;0.00000;0;0.00000;0;0.00000;0;0.00000;0;0.00000;
2020-02-20 02:18:20.032;0;0;0.00000;0;0.00000;1;0.00000;0;0.00000;0;0.00000;0;0.00000;0;0.00000;
2020-02-20 02:18:20.055;0;0;0.00000;0;0.00000;1;0.00000;0;0.00000;0;0.00000;0;0.00000;0;0.00000;
2020-02-20 02:18:20.083;0;0;0.00000;0;0.00000;1;0.00000;0;0.00000;0;0.00000;0;0.00000;0;0.00000;
2020-02-20 02:18:20.099;0;0;0.00000;0;0.00000;1;0.00000;0;0.00000;0;0.00000;0;0.00000;0;0.00000;
2020-02-20 02:18:20.121;0;0;0.00000;0;0.00000;0;0.00000;1;0.02218;0;0.00000;0;0.00000;0;0.00000;
2020-02-20 02:18:20.146;0;0;0.00000;0;0.00000;0;0.00000;1;0.04531;0;0.00000;0;0.00000;0;0.00000;
2020-02-20 02:18:20.168;0;0;0.00000;0;0.00000;0;0.00000;1;0.06908;0;0.00000;0;0.00000;0;0.00000;
2020-02-20 02:18:20.194;0;0;0.00000;0;0.00000;0;0.00000;1;0.08949;0;0.00000;0;0.00000;0;0.00000;
2020-02-20 02:18:20.213;0;0;0.00000;0;0.00000;0;0.00000;1;0.11267;0;0.00000;0;0.00000;0;0.00000;
2020-02-20 02:18:20.234;0;0;0.00000;0;0.00000;0;0.00000;1;0.13466;0;0.00000;0;0.00000;0;0.00000;
2020-02-20 02:18:20.257;0;0;0.00000;0;0.00000;0;0.00000;1;0.15788;0;0.00000;0;0.00000;0;0.00000;
2020-02-20 02:18:20.284;0;0;0.00000;0;0.00000;0;0.00000;1;0.17947;0;0.00000;0;0.00000;0;0.00000;
2020-02-20 02:18:20.301;0;0;0.00000;0;0.00000;0;0.00000;1;0.20119;0;0.00000;0;0.00000;0;0.00000;
2020-02-20 02:18:20.321;0;0;0.00000;0;0.00000;0;0.00000;1;0.22216;0;0.00000;0;0.00000;0;0.00000;
2020-02-20 02:18:20.344;0;0;0.00000;0;0.00000;0;0.00000;1;0.24492;0;0.00000;0;0.00000;0;0.00000;
2020-02-20 02:18:20.367;0;0;0.00000;0;0.00000;0;0.00000;1;0.26759;0;0.00000;0;0.00000;0;0.00000;
2020-02-20 02:18:20.394;0;0;0.00000;0;0.00000;0;0.00000;1;0.28957;0;0.00000;0;0.00000;0;0.00000;
2020-02-20 02:18:20.411;0;0;0.00000;0;0.00000;0;0.00000;1;0.31100;0;0.00000;0;0.00000;0;0.00000;
2020-02-20 02:18:20.424;0;0;0.00000;0;0.00000;0;0.00000;1;0.32451;0;0.00000;0;0.00000;0;0.00000;
2020-02-20 02:18:20.443;0;0;0.00000;0;0.00000;0;0.00000;1;0.34422;0;0.00000;0;0.00000;0;0.00000;
2020-02-20 02:18:20.459;0;0;0.00000;0;0.00000;0;0.00000;1;0.35555;0;0.00000;0;0.00000;0;0.00000;
2020-02-20 02:18:20.472;0;0;0.00000;0;0.00000;0;0.00000;1;0.37259;0;0.00000;0;0.00000;0;0.00000;
2020-02-20 02:18:20.488;0;0;0.00000;0;0.00000;0;0.00000;1;0.38872;0;0.00000;0;0.00000;0;0.00000;
2020-02-20 02:18:20.499;0;0;0.00000;0;0.00000;0;0.00000;1;0.39997;0;0.00000;0;0.00000;0;0.00000;
2020-02-20 02:18:20.511;0;0;0.00000;0;0.00000;0;0.00000;1;0.41222;0;0.00000;0;0.00000;0;0.00000;
2020-02-20 02:18:20.532;0;0;0.00000;0;0.00000;0;0.00000;1;0.43299;0;0.00000;0;0.00000;0;0.00000;
2020-02-20 02:18:20.545;0;0;0.00000;0;0.00000;0;0.00000;1;0.44646;0;0.00000;0;0.00000;0;0.00000;
2020-02-20 02:18:20.571;0;0;0.00000;0;0.00000;0;0.00000;1;0.46632;0;0.00000;0;0.00000;0;0.00000;
2020-02-20 02:18:20.584;0;0;0.00000;0;0.00000;0;0.00000;1;0.48350;0;0.00000;0;0.00000;0;0.00000;
2020-02-20 02:18:20.599;0;0;0.00000;0;0.00000;0;0.00000;1;0.50008;0;0.00000;0;0.00000;0;0.00000;
2020-02-20 02:18:20.612;0;0;0.00000;0;0.00000;0;0.00000;1;0.51320;0;0.00000;0;0.00000;0;0.00000;
2020-02-20 02:18:20.633;0;0;0.00000;0;0.00000;0;0.00000;1;0.53322;0;0.00000;0;0.00000;0;0.00000;
2020-02-20 02:18:20.646;0;0;0.00000;0;0.00000;0;0.00000;1;0.54589;0;0.00000;0;0.00000;0;0.00000;
2020-02-20 02:18:20.670;0;0;0.00000;0;0.00000;0;0.00000;1;0.56644;0;0.00000;0;0.00000;0;0.00000;
2020-02-20 02:18:20.682;0;0;0.00000;0;0.00000;0;0.00000;1;0.58351;0;0.00000;0;0.00000;0;0.00000;
2020-02-20 02:18:20.700;0;0;0.00000;0;0.00000;0;0.00000;1;0.59993;0;0.00000;0;0.00000;0;0.00000;
2020-02-20 02:18:20.713;0;0;0.00000;0;0.00000;0;0.00000;1;0.61430;0;0.00000;0;0.00000;0;0.00000;
2020-02-20 02:18:20.733;0;0;0.00000;0;0.00000;0;0.00000;1;0.63329;0;0.00000;0;0.00000;0;0.00000;
2020-02-20 02:18:20.745;0;0;0.00000;0;0.00000;0;0.00000;1;0.64583;0;0.00000;0;0.00000;0;0.00000;
2020-02-20 02:18:20.771;0;0;0.00000;0;0.00000;0;0.00000;1;0.66668;0;0.00000;0;0.00000;0;0.00000;
2020-02-20 02:18:20.784;0;0;0.00000;0;0.00000;0;0.00000;1;0.68518;0;0.00000;0;0.00000;0;0.00000;
2020-02-20 02:18:20.811;0;0;0.00000;0;0.00000;0;0.00000;1;0.71138;0;0.00000;0;0.00000;0;0.00000;
2020-02-20 02:18:20.835;0;0;0.00000;0;0.00000;0;0.00000;1;0.73484;0;0.00000;0;0.00000;0;0.00000;
2020-02-20 02:18:20.856;0;0;0.00000;0;0.00000;0;0.00000;1;0.75677;0;0.00000;0;0.00000;0;0.00000;
2020-02-20 02:18:20.881;0;0;0.00000;0;0.00000;0;0.00000;1;0.77759;0;0.00000;0;0.00000;0;0.00000;
2020-02-20 02:18:20.900;0;0;0.00000;0;0.00000;0;0.00000;1;0.80015;0;0.00000;0;0.00000;0;0.00000;
2020-02-20 02:18:20.922;0;0;0.00000;0;0.00000;0;0.00000;1;0.82261;0;0.00000;0;0.00000;0;0.00000;
2020-02-20 02:18:20.944;0;0;0.00000;0;0.00000;0;0.00000;1;0.84513;0;0.00000;0;0.00000;0;0.00000;
2020-02-20 02:18:20.972;0;0;0.00000;0;0.00000;0;0.00000;1;0.86728;0;0.00000;0;0.00000;0;0.00000;
2020-02-20 02:18:20.988;0;0;0.00000;0;0.00000;0;0.00000;1;0.88897;0;0.00000;0;0.00000;0;0.00000;
2020-02-20 02:18:21.010;0;0;0.00000;0;0.00000;0;0.00000;1;0.91117;0;0.00000;0;0.00000;0;0.00000;
2020-02-20 02:18:21.034;0;0;0.00000;0;0.00000;0;0.00000;1;0.93371;0;0.00000;0;0.00000;0;0.00000;
2020-02-20 02:18:21.056;0;0;0.00000;0;0.00000;0;0.00000;1;0.95618;0;0.00000;0;0.00000;0;0.00000;
2020-02-20 02:18:21.082;0;0;0.00000;0;0.00000;0;0.00000;1;0.97818;0;0.00000;0;0.00000;0;0.00000;
2020-02-20 02:18:21.100;0;0;0.00000;0;0.00000;0;0.00000;1;0.99968;0;0.00000;0;0.00000;0;0.00000;
2020-02-20 02:18:21.121;0;0;0.00000;0;0.00000;0;0.00000;1;0.00000;0;0.00000;0;0.00000;0;0.00000;
2020-02-20 02:18:21.144;0;0;0.00000;0;0.00000;0;0.00000;1;0.00000;0;0.00000;0;0.00000;0;0.00000;
2020-02-20 02:18:21.168;0;0;0.00000;0;0.00000;0;0.00000;1;0.00000;0;0.00000;0;0.00000;0;0.00000;
2020-02-20 02:18:21.192;0;0;0.00000;0;0.00000;0;0.00000;1;0.00000;0;0.00000;0;0.00000;0;0.00000;
2020-02-20 02:18:21.211;0;0;0.00000;0;0.00000;0;0.00000;1;0.00000;0;0.00000;0;0.00000;0;0.00000;
2020-02-20 02:18:21.233;0;0;0.00000;0;0.00000;0;0.00000;1;0.00000;0;0.00000;0;0.00000;0;0.00000;
2020-02-20 02:18:21.254;0;0;0.00000;0;0.00000;0;0.00000;1;0.00000;0;0.00000;0;0.00000;0;0.00000;
2020-02-20 02:18:21.282;0;0;0.00000;0;0.00000;0;0.00000;1;0.00000;0;0.00000;0;0.00000;0;0.00000;
2020-02-20 02:18:21.300;0;0;0.00000;0;0.00000;0;0.00000;1;0.00000;0;0.00000;0;0.00000;0;0.00000;
2020-02-20 02:18:21.321;0;0;0.00000;0;0.00000;0;0.00000;1;0.00000;0;0.00000;0;0.00000;0;0.00000;
2020-02-20 02:18:21.334;0;0;0.00000;0;0.00000;0;0.00000;1;0.00000;0;0.00000;0;0.00000;0;0.00000;
2020-02-20 02:18:21.354;0;0;0.00000;0;0.00000;0;0.00000;1;0.00000;0;0.00000;0;0.00000;0;0.00000;
2020-02-20 02:18:21.371;0;0;0.00000;0;0.00000;0;0.00000;1;0.00000;0;0.00000;0;0.00000;0;0.00000;
2020-02-20 02:18:21.387;0;0;0.00000;0;0.00000;0;0.00000;1;0.00000;0;0.00000;0;0.00000;0;0.00000;
2020-02-20 02:18:21.399;0;0;0.00000;0;0.00000;0;0.00000;1;0.00000;0;0.00000;0;0.00000;0;0.00000;
2020-02-20 02:18:21.423;0;0;0.00000;0;0.00000;0;0.00000;1;0.00000;0;0.00000;0;0.00000;0;0.00000;
2020-02-20 02:18:21.443;0;0;0.00000;0;0.00000;0;0.00000;1;0.00000;0;0.00000;0;0.00000;0;0.00000;
2020-02-20 02:18:21.455;0;0;0.00000;0;0.00000;0;0.00000;1;0.00000;0;0.00000;0;0.00000;0;0.00000;
2020-02-20 02:18:21.484;0;0;0.00000;0;0.00000;0;0.00000;1;0.00000;0;0.00000;0;0.00000;0;0.00000;
2020-02-20 02:18:21.500;0;0;0.00000;0;0.00000;0;0.00000;1;0.00000;0;0.00000;0;0.00000;0;0.00000;
2020-02-20 02:18:21.521;0;0;0.00000;0;0.00000;0;0.00000;1;0.00000;0;0.00000;0;0.00000;0;0.00000;
2020-02-20 02:18:21.535;0;0;0.00000;0;0.00000;0;0.00000;1;0.00000;0;0.00000;0;0.00000;0;0.00000;
2020-02-20 02:18:21.554;0;0;0.00000;0;0.00000;0;0.00000;1;0.00000;0;0.00000;0;0.00000;0;0.00000;
2020-02-20 02:18:21.582;0;0;0.00000;0;0.00000;0;0.00000;1;0.00000;0;0.00000;0;0.00000;0;0.00000;
2020-02-20 02:18:21.600;0;0;0.00000;0;0.00000;0;0.00000;1;0.00000;0;0.00000;0;0.00000;0;0.00000;
2020-02-20 02:18:21.621;0;0;0.00000;0;0.00000;0;0.00000;1;0.00000;0;0.00000;0;0.00000;0;0.00000;
2020-02-20 02:18:21.634;0;0;0.00000;0;0.00000;0;0.00000;1;0.00000;0;0.00000;0;0.00000;0;0.00000;
2020-02-20 02:18:21.655;0;0;0.00000;0;0.00000;0;0.00000;1;0.00000;0;0.00000;0;0.00000;0;0.00000;
2020-02-20 02:18:21.671;0;0;0.00000;0;0.00000;0;0.00000;1;0.00000;0;0.00000;0;0.00000;0;0.00000;
2020-02-20 02:18:21.687;0;0;0.00000;0;0.00000;0;0.00000;1;0.00000;0;0.00000;0;0.00000;0;0.00000;
2020-02-20 02:18:21.699;0;0;0.00000;0;0.00000;0;0.00000;1;0.00000;0;0.00000;0;0.00000;0;0.00000;
2020-02-20 02:18:21.712;0;0;0.00000;0;0.00000;0;0.00000;1;0.00000;0;0.00000;0;0.00000;0;0.00000;
2020-02-20 02:18:21.733;0;0;0.00000;0;0.00000;0;0.00000;1;0.00000;0;0.00000;0;0.00000;0;0.00000;
2020-02-20 02:18:21.767;0;0;0.00000;0;0.00000;0;0.00000;1;0.00000;0;0.00000;0;0.00000;0;0.00000;
2020-02-20 02:18:21.793;0;0;0.00000;0;0.00000;0;0.00000;1;0.00000;0;0.00000;0;0.00000;0;0.00000;
2020-02-20 02:18:21.811;0;0;0.00000;0;0.00000;0;0.00000;1;0.00000;0;0.00000;0;0.00000;0;0.00000;
2020-02-20 02:18:21.834;0;0;0.00000;0;0.00000;0;0.00000;1;0.00000;0;0.00000;0;0.00000;0;0.00000;
2020-02-20 02:18:21.853;0;0;0.00000;0;0.00000;0;0.00000;1;0.00000;0;0.00000;0;0.00000;0;0.00000;
2020-02-20 02:18:21.881;0;0;0.00000;0;0.00000;0;0.00000;1;0.00000;0;0.00000;0;0.00000;0;0.00000;
2020-02-20 02:18:21.900;0;0;0.00000;0;0.00000;0;0.00000;1;0.00000;0;0.00000;0;0.00000;0;0.00000;
2020-02-20 02:18:21.921;0;0;0.00000;0;0.00000;0;0.00000;1;0.00000;0;0.00000;0;0.00000;0;0.00000;
2020-02-20 02:18:21.944;0;0;0.00000;0;0.00000;0;0.00000;1;0.00000;0;0.00000;0;0.00000;0;0.00000;
2020-02-20 02:18:21.967;0;0;0.00000;0;0.00000;0;0.00000;1;0.00000;0;0.00000;0;0.00000;0;0.00000;
2020-02-20 02:18:21.992;0;0;0.00000;0;0.00000;0;0.00000;1;0.00000;0;0.00000;0;0.00000;0;0.00000;
2020-02-20 02:18:22.009;0;0;0.00000;0;0.00000;0;0.00000;1;0.00000;0;0.00000;0;0.00000;0;0.00000;
2020-02-20 02:18:22.033;0;0;0.00000;0;0.00000;0;0.00000;1;0.00000;0;0.00000;0;0.00000;0;0.00000;
2020-02-20 02:18:22.053;0;0;0.00000;0;0.00000;0;0.00000;1;0.00000;0;0.00000;0;0.00000;0;0.00000;
2020-02-20 02:18:22.082;0;0;0.00000;0;0.00000;0;0.00000;1;0.00000;0;0.00000;0;0.00000;0;0.00000;
2020-02-20 02:18:22.099;0;0;0.00000;0;0.00000;0;0.00000;1;0.00000;0;0.00000;0;0.00000;0;0.00000;
2020-02-20 02:18:22.120;0;0;0.00000;0;0.00000;0;0.00000;0;0.00000;1;0.02146;0;0.00000;0;0.00000;
2020-02-20 02:18:22.143;0;0;0.00000;0;0.00000;0;0.00000;0;0.00000;1;0.04447;0;0.00000;0;0.00000;
2020-02-20 02:18:22.168;0;0;0.00000;0;0.00000;0;0.00000;0;0.00000;1;0.06786;0;0.00000;0;0.00000;
2020-02-20 02:18:22.192;0;0;0.00000;0;0.00000;0;0.00000;0;0.00000;1;0.08875;0;0.00000;0;0.00000;
2020-02-20 02:18:22.210;0;0;0.00000;0;0.00000;0;0.00000;0;0.00000;1;0.11091;0;0.00000;0;0.00000;
2020-02-20 02:18:22.233;0;0;0.00000;0;0.00000;0;0.00000;0;0.00000;1;0.13251;0;0.00000;0;0.00000;
2020-02-20 02:18:22.254;0;0;0.00000;0;0.00000;0;0.00000;0;0.00000;1;0.15528;0;0.00000;0;0.00000;
2020-02-20 02:18:22.284;0;0;0.00000;0;0.00000;0;0.00000;0;0.00000;1;0.18015;0;0.00000;0;0.00000;
2020-02-20 02:18:22.304;0;0;0.00000;0;0.00000;0;0.00000;0;0.00000;1;0.20381;0;0.00000;0;0.00000;
2020-02-20 02:18:22.321;0;0;0.00000;0;0.00000;0;0.00000;0;0.00000;1;0.22302;0;0.00000;0;0.00000;
2020-02-20 02:18:22.344;0;0;0.00000;0;0.00000;0;0.00000;0;0.00000;1;0.24471;0;0.00000;0;0.00000;
2020-02-20 02:18:22.366;0;0;0.00000;0;0.00000;0;0.00000;0;0.00000;1;0.26634;0;0.00000;0;0.00000;
2020-02-20 02:18:22.383;0;0;0.00000;0;0.00000;0;0.00000;0;0.00000;1;0.27912;0;0.00000;0;0.00000;
2020-02-20 02:18:22.400;0;0;0.00000;0;0.00000;0;0.00000;0;0.00000;1;0.30037;0;0.00000;0;0.00000;
2020-02-20 02:18:22.421;0;0;0.00000;0;0.00000;0;0.00000;0;0.00000;1;0.32204;0;0.00000;0;0.00000;
2020-02-20 02:18:22.433;0;0;0.00000;0;0.00000;0;0.00000;0;0.00000;1;0.33440;0;0.00000;0;0.00000;
2020-02-20 02:18:22.455;0;0;0.00000;0;0.00000;0;0.00000;0;0.00000;1;0.35574;0;0.00000;0;0.00000;
2020-02-20 02:18:22.482;0;0;0.00000;0;0.00000;0;0.00000;0;0.00000;1;0.37715;0;0.00000;0;0.00000;
2020-02-20 02:18:22.494;0;0;0.00000;0;0.00000;0;0.00000;0;0.00000;1;0.39530;0;0.00000;0;0.00000;
2020-02-20 02:18:22.509;0;0;0.00000;0;0.00000;0;0.00000;0;0.00000;1;0.41015;0;0.00000;0;0.00000;
2020-02-20 02:18:22.522;0;0;0.00000;0;0.00000;0;0.00000;0;0.00000;1;0.42309;0;0.00000;0;0.00000;
2020-02-20 02:18:22.543;0;0;0.00000;0;0.00000;0;0.00000;0;0.00000;1;0.44359;0;0.00000;0;0.00000;
2020-02-20 02:18:22.560;0;0;0.00000;0;0.00000;0;0.00000;0;0.00000;1;0.45614;0;0.00000;0;0.00000;
2020-02-20 02:18:22.576;0;0;0.00000;0;0.00000;0;0.00000;0;0.00000;1;0.47754;0;0.00000;0;0.00000;
2020-02-20 02:18:22.587;0;0;0.00000;0;0.00000;0;0.00000;0;0.00000;1;0.48903;0;0.00000;0;0.00000;
2020-02-20 02:18:22.610;0;0;0.00000;0;0.00000;0;0.00000;0;0.00000;1;0.51052;0;0.00000;0;0.00000;
2020-02-20 02:18:22.624;0;0;0.00000;0;0.00000;0;0.00000;0;0.00000;1;0.52519;0;0.00000;0;0.00000;
2020-02-20 02:18:22.643;0;0;0.00000;0;0.00000;0;0.00000;0;0.00000;1;0.54418;0;0.00000;0;0.00000;
2020-02-20 02:18:22.661;0;0;0.00000;0;0.00000;0;0.00000;0;0.00000;1;0.55716;0;0.00000;0;0.00000;
2020-02-20 02:18:22.677;0;0;0.00000;0;0.00000;0;0.00000;0;0.00000;1;0.57738;0;0.00000;0;0.00000;
2020-02-20 02:18:22.688;0;0;0.00000;0;0.00000;0;0.00000;0;0.00000;1;0.58961;0;0.00000;0;0.00000;
2020-02-20 02:18:22.721;0;0;0.00000;0;0.00000;0;0.00000;0;0.00000;1;0.62243;0;0.00000;0;0.00000;
2020-02-20 02:18:22.743;0;0;0.00000;0;0.00000;0;0.00000;0;0.00000;1;0.64396;0;0.00000;0;0.00000;
2020-02-20 02:18:22.765;0;0;0.00000;0;0.00000;0;0.00000;0;0.00000;1;0.66618;0;0.00000;0;0.00000;
2020-02-20 02:18:22.792;0;0;0.00000;0;0.00000;0;0.00000;0;0.00000;1;0.68827;0;0.00000;0;0.00000;
2020-02-20 02:18:22.811;0;0;0.00000;0;0.00000;0;0.00000;0;0.00000;1;0.71111;0;0.00000;0;0.00000;
2020-02-20 02:18:22.832;0;0;0.00000;0;0.00000;0;0.00000;0;0.00000;1;0.73328;0;0.00000;0;0.00000;
2020-02-20 02:18:22.854;0;0;0.00000;0;0.00000;0;0.00000;0;0.00000;1;0.75506;0;0.00000;0;0.00000;
2020-02-20 02:18:22.883;0;0;0.00000;0;0.00000;0;0.00000;0;0.00000;1;0.77761;0;0.00000;0;0.00000;
2020-02-20 02:18:22.898;0;0;0.00000;0;0.00000;0;0.00000;0;0.00000;1;0.79958;0;0.00000;0;0.00000;
2020-02-20 02:18:22.920;0;0;0.00000;0;0.00000;0;0.00000;0;0.00000;1;0.82138;0;0.00000;0;0.00000;
2020-02-20 02:18:22.944;0;0;0.00000;0;0.00000;0;0.00000;0;0.00000;1;0.84407;0;0.00000;0;0.00000;
2020-02-20 02:18:22.964;0;0;0.00000;0;0.00000;0;0.00000;0;0.00000;1;0.86587;0;0.00000;0;0.00000;
2020-02-20 02:18:22.992;0;0;0.00000;0;0.00000;0;0.00000;0;0.00000;1;0.88859;0;0.00000;0;0.00000;
2020-02-20 02:18:23.010;0;0;0.00000;0;0.00000;0;0.00000;0;0.00000;1;0.91052;0;0.00000;0;0.00000;
2020-02-20 02:18:23.032;0;0;0.00000;0;0.00000;0;0.00000;0;0.00000;1;0.93331;0;0.00000;0;0.00000;
2020-02-20 02:18:23.054;0;0;0.00000;0;0.00000;0;0.00000;0;0.00000;1;0.95547;0;0.00000;0;0.00000;
2020-02-20 02:18:23.082;0;0;0.00000;0;0.00000;0;0.00000;0;0.00000;1;0.97732;0;0.00000;0;0.00000;
2020-02-20 02:18:23.098;0;0;0.00000;0;0.00000;0;0.00000;0;0.00000;1;0.99906;0;0.00000;0;0.00000;
2020-02-20 02:18:23.120;0;0;0.00000;0;0.00000;0;0.00000;0;0.00000;1;0.00000;0;0.00000;0;0.00000;
2020-02-20 02:18:23.144;0;0;0.00000;0;0.00000;0;0.00000;0;0.00000;1;0.00000;0;0.00000;0;0.00000;
2020-02-20 02:18:23.164;0;0;0.00000;0;0.00000;0;0.00000;0;0.00000;1;0.00000;0;0.00000;0;0.00000;
2020-02-20 02:18:23.192;0;0;0.00000;0;0.00000;0;0.00000;0;0.00000;1;0.00000;0;0.00000;0;0.00000;
2020-02-20 02:18:23.210;0;0;0.00000;0;0.00000;0;0.00000;0;0.00000;1;0.00000;0;0.00000;0;0.00000;
2020-02-20 02:18:23.230;0;0;0.00000;0;0.00000;0;0.00000;0;0.00000;1;0.00000;0;0.00000;0;0.00000;
2020-02-20 02:18:23.242;0;0;0.00000;0;0.00000;0;0.00000;0;0.00000;1;0.00000;0;0.00000;0;0.00000;
2020-02-20 02:18:23.259;0;0;0.00000;0;0.00000;0;0.00000;0;0.00000;1;0.00000;0;0.00000;0;0.00000;
2020-02-20 02:18:23.276;0;0;0.00000;0;0.00000;0;0.00000;0;0.00000;1;0.00000;0;0.00000;0;0.00000;
2020-02-20 02:18:23.288;0;0;0.00000;0;0.00000;0;0.00000;0;0.00000;1;0.00000;0;0.00000;0;0.00000;
2020-02-20 02:18:23.309;0;0;0.00000;0;0.00000;0;0.00000;0;0.00000;1;0.00000;0;0.00000;0;0.00000;
2020-02-20 02:18:23.321;0;0;0.00000;0;0.00000;0;0.00000;0;0.00000;1;0.00000;0;0.00000;0;0.00000;
2020-02-20 02:18:23.343;0;0;0.00000;0;0.00000;0;0.00000;0;0.00000;1;0.00000;0;0.00000;0;0.00000;
2020-02-20 02:18:23.355;0;0;0.00000;0;0.00000;0;0.00000;0;0.00000;1;0.00000;0;0.00000;0;0.00000;
2020-02-20 02:18:23.380;0;0;0.00000;0;0.00000;0;0.00000;0;0.00000;1;0.00000;0;0.00000;0;0.00000;
2020-02-20 02:18:23.394;0;0;0.00000;0;0.00000;0;0.00000;0;0.00000;1;0.00000;0;0.00000;0;0.00000;
2020-02-20 02:18:23.409;0;0;0.00000;0;0.00000;0;0.00000;0;0.00000;1;0.00000;0;0.00000;0;0.00000;
2020-02-20 02:18:23.431;0;0;0.00000;0;0.00000;0;0.00000;0;0.00000;1;0.00000;0;0.00000;0;0.00000;
2020-02-20 02:18:23.444;0;0;0.00000;0;0.00000;0;0.00000;0;0.00000;1;0.00000;0;0.00000;0;0.00000;
2020-02-20 02:18:23.470;0;0;0.00000;0;0.00000;0;0.00000;0;0.00000;1;0.00000;0;0.00000;0;0.00000;
2020-02-20 02:18:23.482;0;0;0.00000;0;0.00000;0;0.00000;0;0.00000;1;0.00000;0;0.00000;0;0.00000;
2020-02-20 02:18:23.499;0;0;0.00000;0;0.00000;0;0.00000;0;0.00000;1;0.00000;0;0.00000;0;0.00000;
2020-02-20 02:18:23.521;0;0;0.00000;0;0.00000;0;0.00000;0;0.00000;1;0.00000;0;0.00000;0;0.00000;
2020-02-20 02:18:23.542;0;0;0.00000;0;0.00000;0;0.00000;0;0.00000;1;0.00000;0;0.00000;0;0.00000;
2020-02-20 02:18:23.555;0;0;0.00000;0;0.00000;0;0.00000;0;0.00000;1;0.00000;0;0.00000;0;0.00000;
2020-02-20 02:18:23.580;0;0;0.00000;0;0.00000;0;0.00000;0;0.00000;1;0.00000;0;0.00000;0;0.00000;
2020-02-20 02:18:23.592;0;0;0.00000;0;0.00000;0;0.00000;0;0.00000;1;0.00000;0;0.00000;0;0.00000;
2020-02-20 02:18:23.611;0;0;0.00000;0;0.00000;0;0.00000;0;0.00000;1;0.00000;0;0.00000;0;0.00000;
2020-02-20 02:18:23.623;0;0;0.00000;0;0.00000;0;0.00000;0;0.00000;1;0.00000;0;0.00000;0;0.00000;
2020-02-20 02:18:23.654;0;0;0.00000;0;0.00000;0;0.00000;0;0.00000;1;0.00000;0;0.00000;0;0.00000;
2020-02-20 02:18:23.682;0;0;0.00000;0;0.00000;0;0.00000;0;0.00000;1;0.00000;0;0.00000;0;0.00000;
2020-02-20 02:18:23.698;0;0;0.00000;0;0.00000;0;0.00000;0;0.00000;1;0.00000;0;0.00000;0;0.00000;
2020-02-20 02:18:23.723;0;0;0.00000;0;0.00000;0;0.00000;0;0.00000;1;0.00000;0;0.00000;0;0.00000;
2020-02-20 02:18:23.753;0;0;0.00000;0;0.00000;0;0.00000;0;0.00000;1;0.00000;0;0.00000;0;0.00000;
2020-02-20 02:18:23.771;0;0;0.00000;0;0.00000;0;0.00000;0;0.00000;1;0.00000;0;0.00000;0;0.00000;
2020-02-20 02:18:23.787;0;0;0.00000;0;0.00000;0;0.00000;0;0.00000;1;0.00000;0;0.00000;0;0.00000;
2020-02-20 02:18:23.810;0;0;0.00000;0;0.00000;0;0.00000;0;0.00000;1;0.00000;0;0.00000;0;0.00000;
2020-02-20 02:18:23.832;0;0;0.00000;0;0.00000;0;0.00000;0;0.00000;1;0.00000;0;0.00000;0;0.00000;
2020-02-20 02:18:23.853;0;0;0.00000;0;0.00000;0;0.00000;0;0.00000;1;0.00000;0;0.00000;0;0.00000;
2020-02-20 02:18:23.881;0;0;0.00000;0;0.00000;0;0.00000;0;0.00000;1;0.00000;0;0.00000;0;0.00000;
2020-02-20 02:18:23.898;0;0;0.00000;0;0.00000;0;0.00000;0;0.00000;1;0.00000;0;0.00000;0;0.00000;
